N. POZZO;DATA;LIVELLO STATICO - m s.l.m.;LIVELLO DA PR - m;NOTE LIVELLO
56;27/07/1999;5,22;-2,6;-
56;24/11/1999;5,97;-1,85;-
56;31/01/2000;4,5;-3,32;-
56;19/04/2000;5,87;-1,95;-
56;19/07/2000;3,44;-4,38;-
56;13/11/2000;4,3;-3,52;-
56;05/02/2001;5,2;-2,62;-
56;18/04/2001;5,09;-2,73;-
56;16/07/2001;4,7;-3,12;-
56;05/11/2001;4,55;-3,27;-
56;28/01/2002;4,8;-3,02;-
56;06/05/2002;4,8;-3,02;-
56;22/07/2002;4,8;-3,02;-
56;06/11/2002;4,8;-3,02;-
56;27/01/2003;4,56;-3,26;-
56;29/04/2003;5,8;-2,02;-
56;22/07/2003;3,95;-3,87;-
56;03/11/2003;4,24;-3,58;-
56;27/01/2004;4,65;-3,17;-
56;03/05/2004;4,28;-3,54;-
56;02/08/2004;4,52;-3,3;-
56;16/11/2004;4,74;-3,08;-
56;31/01/2005;;;N.R.
56;29/04/2005;4,66;-3,16;-
56;29/07/2005;4,24;-3,58;-
56;08/11/2005;4,9;-2,92;-
56;06/02/2006;;;N.R.
56;05/06/2006;4,7;-3,12;-
56;27/07/2006;4,34;-3,48;-
56;06/11/2006;4,57;-3,25;-
56;07/02/2007;4,91;-2,91;-
56;27/04/2007;4,84;-2,98;-
56;26/07/2007;4,34;-3,48;-
56;08/11/2007;4,22;-3,6;-
56;12/02/2008;4,8;-3,02;-
56;21/04/2008;4,62;-3,2;-
56;17/07/2008;4,72;-3,1;-
56;12/11/2008;4,52;-3,3;-
56;05/02/2009;5,02;-2,8;-
56;11/05/2009;5,29;-2,53;-
56;20/07/2009;4,62;-3,2;-
56;03/11/2009;4,77;-3,05;-
56;04/02/2010;4,86;-2,96;-
56;22/04/2010;5,21;-2,61;-
56;20/07/2010;4,62;-3,2;-
56;10/11/2010;5,14;-2,68;-
56;25/01/2011;5,02;-2,8;-
56;20/04/2011;4,87;-2,95;-
56;11/07/2011;4,52;-3,3;-
56;02/11/2011;4,38;-3,44;-
56;20/02/2012;4,88;-2,94;-
56;16/04/2012;4,72;-3,1;-
56;10/07/2012;4,15;-3,67;-
56;05/11/2012;4,29;-3,53;-
56;29/01/2013;4,22;-3,6;-
56;17/04/2013;4,71;-3,11;-
56;25/07/2013;4,38;-3,44;-
56;24/10/2013;4,36;-3,46;-
56;31/01/2014;5,37;-2,45;-
56;15/04/2014;5,72;-2,1;-
56;22/07/2014;5,92;-1,9;-
56;11/11/2014;6,26;-1,56;-
56;02/02/2015;6,77;-1,05;-
56;07/05/2015;6,29;-1,53;-
56;24/07/2015;5,87;-1,95;-
56;28/10/2015;5,26;-2,56;-
56;01/02/2016;6,8;-1,02;-
56;18/04/2016;;;N.R.
56;15/07/2016;4,6;-3,22;-
56;16/11/2016;6,2;-1,62;-
56;27/01/2017;6,77;-1,05;-
56;12/04/2017;4,8;-3,02;-
56;21/07/2017;5,6;-2,22;-
56;08/11/2017;5,11;-2,71;-
56;26/01/2018;5,29;-2,53;-
56;09/04/2018;4,67;-3,15;-
56;16/07/2018;;;N.R.
56;24/10/2018;4,65;-3,17;-
56;23/01/2019;5,01;-2,81;-
56;08/04/2019;4,8;-3,02;-
56;16/07/2019;5,59;-2,23;-
56;22/10/2019;4,45;-3,37;-
56;30/01/2020;4,95;-2,87;-
56;08/04/2020;5,82;-2;-
56;16/07/2020;5,5;-2,32;-
56;29/10/2020;4,52;-3,3;-
56;22/01/2021;4,5;-3,32;-
56;15/04/2021;4,48;-3,34;-
56;12/07/2021;6,55;-1,27;-
56;28/10/2021;4,45;-3,37;-
58;10/05/1999;15,11;-2,12;-
58;27/07/1999;15,03;-2,2;-
58;17/11/1999;15,76;-1,47;-
58;24/01/2000;15,3;-1,93;-
58;21/04/2000;14,63;-2,6;-
58;19/07/2000;14,75;-2,48;-
58;10/11/2000;15,5;-1,73;-
58;07/02/2001;15,6;-1,63;-
58;24/04/2001;15,68;-1,55;-
58;19/07/2001;15,1;-2,13;-
58;20/11/2001;14,83;-2,4;-
58;07/05/2002;15,36;-1,87;-
58;24/07/2002;14,96;-2,27;-
58;14/11/2002;15,13;-2,1;-
58;07/02/2003;15,6;-1,63;-
58;07/05/2003;15,48;-1,75;-
58;29/07/2003;14,78;-2,45;-
58;07/11/2003;14,58;-2,65;-
58;02/02/2004;15,16;-2,07;-
58;10/05/2004;15,56;-1,67;-
58;09/08/2004;;;N.R.
58;15/11/2004;15,14;-2,09;-
58;31/01/2005;;;N.R.
58;27/04/2005;15,2;-2,03;-
58;29/07/2005;14,99;-2,24;-
58;09/11/2005;15,79;-1,44;-
58;06/02/2006;;;N.R.
58;29/05/2006;15,2;-2,03;-
58;24/07/2006;14,86;-2,37;-
58;08/11/2006;14,91;-2,32;-
58;05/02/2007;15,1;-2,13;-
58;24/04/2007;15,23;-2;-
58;25/07/2007;14,55;-2,68;-
58;08/11/2007;14,01;-3,22;-
58;04/02/2008;14,13;-3,1;-
58;20/04/2008;14,46;-2,77;-
58;17/07/2008;14,59;-2,64;-
58;03/11/2008;14,23;-3;-
58;05/02/2009;14,96;-2,27;-
58;11/05/2009;14,98;-2,25;-
58;20/07/2009;14,51;-2,72;-
58;02/11/2009;14,26;-2,97;-
58;02/02/2010;14,59;-2,64;-
58;20/04/2010;14,68;-2,55;-
58;19/07/2010;14,51;-2,72;-
58;09/11/2010;14,93;-2,3;-
58;25/01/2011;14,96;-2,27;-
58;18/04/2011;14,82;-2,41;-
58;08/07/2011;14,26;-2,97;-
58;02/11/2011;14,23;-3;-
58;20/02/2012;14,26;-2,97;-
58;17/04/2012;14,25;-2,98;-
58;13/07/2012;13,9;-3,33;-
58;31/10/2012;13,73;-3,5;-
58;04/02/2013;14,95;-2,28;-
58;17/04/2013;15,03;-2,2;-
58;23/07/2013;14,47;-2,76;-
58;21/10/2013;14,35;-2,88;-
58;05/02/2014;;;N.R.
58;22/04/2014;15,59;-1,64;-
58;23/07/2014;15,86;-1,37;-
58;21/10/2014;;;N.R.
58;12/02/2015;;;N.R.
58;20/04/2015;14,91;-2,32;-
58;30/07/2015;15;-2,23;-
58;05/11/2015;14,87;-2,36;-
58;01/02/2016;14,81;-2,42;-
58;18/04/2016;15,31;-1,92;-
58;15/07/2016;15,03;-2,2;-
58;08/11/2016;15,9;-1,33;-
58;31/01/2017;15,1;-2,13;-
58;02/05/2017;16,23;-1;-
58;21/07/2017;14,68;-2,55;-
58;31/10/2017;14,83;-2,4;-
58;26/01/2018;14,93;-2,3;-
58;09/04/2018;15,36;-1,87;-
58;16/07/2018;15,05;-2,18;-
58;05/11/2018;14,87;-2,36;-
58;23/01/2019;15,22;-2,01;-
58;09/04/2019;15,3;-1,93;-
58;16/07/2019;15,2;-2,03;-
58;28/10/2019;15,12;-2,11;-
58;30/01/2020;15,3;-1,93;-
58;09/04/2020;15,11;-2,12;-
58;16/07/2020;14,85;-2,38;-
58;02/11/2020;15,1;-2,13;-
58;22/01/2021;15,34;-1,89;-
58;12/04/2021;15,54;-1,69;-
58;12/07/2021;15,26;-1,97;-
58;25/10/2021;14,92;-2,31;-
60;10/05/1999;15,82;-1,6;-
60;20/07/1999;15,65;-1,77;-
60;11/11/1999;15,9;-1,52;-
60;02/02/2000;;;N.R.
60;17/04/2000;15,9;-1,52;-
60;26/07/2000;15,82;-1,6;-
60;07/11/2000;16,22;-1,2;-
60;07/02/2001;16,02;-1,4;-
60;23/04/2001;16,37;-1,05;-
60;18/07/2001;15,86;-1,56;-
60;06/11/2001;15,91;-1,51;-
60;29/01/2002;15,94;-1,48;-
60;23/04/2002;15,52;-1,9;-
60;31/07/2002;15,72;-1,7;-
60;05/11/2002;15,71;-1,71;-
60;10/02/2003;16,06;-1,36;-
60;06/05/2003;16,05;-1,37;-
60;23/07/2003;15,69;-1,73;-
60;11/11/2003;15,91;-1,51;-
60;30/01/2004;15,88;-1,54;-
60;10/05/2004;16,1;-1,32;-
60;04/08/2004;15,95;-1,47;-
60;08/11/2004;16,25;-1,17;-
60;31/01/2005;;;N.R.
60;03/05/2005;16,13;-1,29;-
60;01/08/2005;15,88;-1,54;-
60;07/11/2005;16,19;-1,23;-
60;06/02/2006;;;N.R.
60;31/05/2006;15,92;-1,5;-
60;26/07/2006;15,74;-1,68;-
60;14/11/2006;15,64;-1,78;-
60;12/02/2007;16,17;-1,25;-
60;20/04/2007;16,27;-1,15;-
60;23/07/2007;16,02;-1,4;-
60;12/11/2007;16,22;-1,2;-
60;04/02/2008;16,12;-1,3;-
60;23/04/2008;16,15;-1,27;-
60;17/07/2008;16,09;-1,33;-
60;04/11/2008;;;N.R.
60;05/02/2009;16,32;-1,1;-
60;08/05/2009;;;N.R.
60;21/07/2009;16,69;-0,73;-
60;02/11/2009;16,69;-0,73;-
60;04/02/2010;16,67;-0,75;-
60;23/04/2010;16,72;-0,7;-
60;19/07/2010;16,55;-0,87;-
60;24/01/2011;16,97;-0,45;-
60;29/04/2011;16,87;-0,55;-
60;15/07/2011;16,82;-0,6;-
60;15/11/2011;16,89;-0,53;-
60;22/02/2012;16,77;-0,65;-
60;27/04/2012;16,47;-0,95;-
60;17/07/2012;16,32;-1,1;-
60;15/11/2012;16,58;-0,84;-
60;30/01/2013;16,8;-0,62;-
60;03/05/2013;16,8;-0,62;-
60;29/07/2013;16,48;-0,94;-
60;04/11/2013;16,75;-0,67;-
60;05/02/2014;16,65;-0,77;-
60;24/04/2014;16,85;-0,57;-
60;14/07/2014;16,69;-0,73;-
60;28/10/2014;16,64;-0,78;-
60;12/02/2015;16,58;-0,84;-
60;27/04/2015;16,52;-0,9;-
60;23/07/2015;16,23;-1,19;-
60;02/11/2015;16,12;-1,3;-
60;02/02/2016;15,92;-1,5;-
60;03/05/2016;15,94;-1,48;-
60;08/07/2016;15,82;-1,6;-
60;02/11/2016;15,97;-1,45;-
60;30/01/2017;15,95;-1,47;-
60;11/04/2017;15,74;-1,68;-
60;07/07/2017;15,52;-1,9;-
60;24/10/2017;15,59;-1,83;-
60;22/01/2018;15,72;-1,7;-
60;12/04/2018;15,9;-1,52;-
60;12/07/2018;15,52;-1,9;-
60;29/10/2018;15,76;-1,66;-
60;30/01/2019;15,62;-1,8;-
60;11/04/2019;15,68;-1,74;-
60;15/07/2019;15,62;-1,8;-
60;04/11/2019;15,9;-1,52;-
60;29/01/2020;16,22;-1,2;-
60;20/04/2020;;;N.R.
60;07/05/2020;16,33;-1,09;-
60;08/07/2020;16,19;-1,23;-
60;04/11/2020;16,18;-1,24;-
60;27/01/2021;16,33;-1,09;-
60;12/04/2021;16,13;-1,29;-
60;07/07/2021;16,11;-1,31;-
60;27/10/2021;16,08;-1,34;-
66;06/05/1999;11,79;-2,41;-
66;27/07/1999;10,57;-3,63;-
66;17/11/1999;12,17;-2,03;-
66;21/01/2000;11,91;-2,29;-
66;21/04/2000;11,95;-2,25;-
66;19/07/2000;10,6;-3,6;-
66;10/11/2000;12,47;-1,73;-
66;07/02/2001;12,08;-2,12;-
66;24/04/2001;12,2;-2;-
66;19/07/2001;11,06;-3,14;-
66;09/11/2001;10,89;-3,31;-
66;01/02/2002;11,52;-2,68;-
66;07/05/2002;12,18;-2,02;-
66;24/07/2002;11,85;-2,35;-
66;14/11/2002;11,8;-2,4;-
66;07/02/2003;12,3;-1,9;-
66;07/05/2003;11,75;-2,45;-
66;29/07/2003;10,66;-3,54;-
66;07/11/2003;10,43;-3,77;-
66;02/02/2004;11,76;-2,44;-
66;14/05/2004;12,15;-2,05;-
66;09/08/2004;10,93;-3,27;-
66;12/11/2004;11,38;-2,82;-
66;31/01/2005;;;N.R.
66;02/05/2005;12,02;-2,18;-
66;29/07/2005;10,6;-3,6;-
66;14/11/2005;12,17;-2,03;-
66;06/02/2006;;;N.R.
66;29/05/2006;11,65;-2,55;-
66;21/07/2006;;;N.R.
67;10/05/1999;14,34;-1,83;-
67;27/07/1999;12,61;-3,56;-
67;22/11/1999;14,66;-1,51;-
67;21/01/2000;14,23;-1,94;-
67;21/04/2000;14,3;-1,87;-
67;19/07/2000;13,64;-2,53;-
67;10/11/2000;14,84;-1,33;-
67;05/02/2001;14,76;-1,41;-
67;24/04/2001;14,77;-1,4;-
67;19/07/2001;13,86;-2,31;-
67;09/11/2001;13,94;-2,23;-
67;01/02/2002;14,46;-1,71;-
67;07/05/2002;14,75;-1,42;-
67;24/07/2002;14,54;-1,63;-
67;14/11/2002;14,37;-1,8;-
67;07/02/2003;14,63;-1,54;-
67;07/05/2003;13,81;-2,36;-
67;29/07/2003;13,78;-2,39;-
67;07/11/2003;14;-2,17;-
67;02/02/2004;14,54;-1,63;-
67;14/05/2004;14,74;-1,43;-
67;09/08/2004;14,14;-2,03;-
67;15/11/2004;14,84;-1,33;-
67;31/01/2005;;;N.R.
67;27/04/2005;14,97;-1,2;-
67;29/07/2005;12,84;-2,94;-
67;09/11/2005;14,7;-1,08;-
67;06/02/2006;;;N.R.
67;29/05/2006;14,09;-1,69;-
67;24/07/2006;13,56;-2,22;-
67;08/11/2006;13,67;-2,11;-
67;05/02/2007;14,08;-1,7;-
67;02/05/2007;13,76;-2,02;-
67;25/07/2007;13,53;-2,25;-
67;06/11/2007;13,78;-2;-
67;04/02/2008;14,33;-1,45;-
67;21/04/2008;14,55;-1,23;-
67;17/07/2008;14,23;-1,55;-
67;04/11/2008;13,93;-1,85;-
67;05/02/2009;14,73;-1,05;-
67;14/05/2009;14,39;-1,39;-
67;20/07/2009;13,85;-1,93;-
67;02/11/2009;13,73;-2,05;-
67;02/02/2010;14,41;-1,37;-
67;20/04/2010;14,38;-1,4;-
67;19/07/2010;13,98;-1,8;-
67;25/01/2011;14,38;-1,4;-
67;18/04/2011;14,08;-1,7;-
67;08/07/2011;13,78;-2;-
67;07/11/2011;14,22;-1,56;-
67;21/02/2012;13,88;-1,9;-
67;17/04/2012;14,28;-1,5;-
67;09/07/2012;13,11;-2,67;-
67;31/10/2012;14,1;-1,68;-
68;10/05/1999;-0,47;-2,19;-
68;29/07/1999;-1,38;-3,1;-
68;23/11/1999;-0,98;-2,7;-
68;17/01/2000;-0,74;-2,46;-
68;19/04/2000;-0,28;-2;-
68;19/07/2000;-1,47;-3,19;-
68;13/11/2000;-1,48;-3,2;-
68;05/02/2001;-0,78;-2,5;-
68;18/04/2001;0,26;-1,46;-
68;16/07/2001;-1,18;-2,9;-
68;05/11/2001;-1,81;-3,53;-
68;28/01/2002;-1,3;-3,02;-
68;06/05/2002;-0,91;-2,63;-
68;22/07/2002;-1,89;-3,61;-
68;06/11/2002;;;N.R.
68;28/01/2003;0,05;-1,67;-
68;29/04/2003;-0,99;-2,71;-
68;22/07/2003;-2,09;-3,81;-
68;03/11/2003;-1,66;-3,85;-
68;27/01/2004;-1,25;-3,44;-
68;08/05/2004;-0,24;-2,43;-
68;02/08/2004;-1,44;-3,63;-
68;16/11/2004;-1,17;-3,36;-
68;31/01/2005;;;N.R.
68;29/04/2005;-0,61;-2,8;-
68;25/07/2005;-1,57;-3,76;-
68;08/11/2005;0,02;-2,17;-
68;06/02/2006;;;N.R.
68;05/06/2006;-0,72;-2,91;-
68;27/07/2006;-1,06;-3,25;-
68;06/11/2006;-1,09;-3,28;-
68;07/02/2007;-0,88;-3,07;-
68;30/04/2007;-0,76;-2,95;-
68;30/07/2007;-1,76;-3,95;-
68;27/11/2007;-1,44;-3,63;-
68;12/02/2008;-1,19;-3,38;-
68;06/05/2008;-1,52;-3,71;-
68;23/07/2008;-1,78;-3,97;-
68;10/11/2008;;;N.R.
68;11/02/2009;0,049;-2,14;-
68;12/05/2009;-0,06;-2,25;-
68;21/07/2009;-1,03;-3,22;-
68;03/11/2009;-1,2;-3,39;-
69;13/05/1999;34,12;-1,62;-
69;21/07/1999;34,24;-1,5;-
69;09/11/1999;33,9;-1,84;-
69;24/01/2000;33,99;-1,75;-
69;20/04/2000;34,08;-1,66;-
69;19/07/2000;34,17;-1,57;-
69;06/11/2000;34,85;-0,89;-
69;07/02/2001;;;N.R.
69;23/04/2001;;;N.R.
69;19/07/2001;34,44;-1,3;-
69;06/11/2001;;;N.R.
69;29/01/2002;;;N.R.
69;23/04/2002;;;N.R.
69;31/07/2002;;;N.R.
69;22/11/2002;35,24;-0,5;-
69;07/02/2003;34,12;-1,62;-
69;05/05/2003;33,89;-1,85;-
69;24/07/2003;34,96;-0,78;-
69;05/11/2003;34,2;-1,54;-
69;28/01/2004;34,12;-1,62;-
69;05/05/2004;34,55;-1,19;-
69;09/08/2004;34,32;-1,42;-
69;15/11/2004;34,29;-1,45;-
69;31/01/2005;;;N.R.
69;27/04/2005;34,46;-1,28;-
69;29/07/2005;33,99;-1,75;-
69;09/11/2005;34,66;-1,08;-
69;06/02/2006;;;N.R.
69;29/05/2006;34,22;-1,52;-
69;24/07/2006;34,45;-1,29;-
69;08/11/2006;33,84;-1,9;-
69;05/02/2007;33,94;-1,8;-
69;20/04/2007;33,89;-1,85;-
69;25/07/2007;34,21;-1,53;-
69;08/11/2007;33,92;-1,82;-
69;05/02/2008;34,97;-0,77;-
69;22/04/2008;34,72;-1,02;-
69;21/07/2008;34,02;-1,72;-
69;10/11/2008;34,04;-1,7;-
69;09/02/2009;34,5;-1,24;-
69;14/05/2009;33,96;-1,78;-
69;21/07/2009;35,11;-0,63;-
69;09/11/2009;34,87;-0,87;-
69;04/02/2010;34,07;-1,67;-
69;19/04/2010;34,2;-1,54;-
69;12/07/2010;34,16;-1,58;-
69;08/11/2010;35,31;-0,43;-
69;24/01/2011;34,16;-1,58;-
69;20/04/2011;33,82;-1,92;-
69;28/07/2011;34,49;-1,25;-
69;31/10/2011;34,13;-1,61;-
69;24/02/2012;34,09;-1,65;-
69;16/04/2012;34,35;-1,39;-
69;18/07/2012;34,26;-1,48;-
69;12/11/2012;34,34;-1,4;-
69;04/02/2013;34,16;-1,58;-
69;15/04/2013;34,22;-1,52;-
69;24/07/2013;34,24;-1,5;-
69;24/10/2013;34,34;-1,4;-
69;05/02/2014;35,1;-0,64;-
69;23/04/2014;;;mancanza d'acqua
69;15/07/2014;34,27;-1,47;-
69;21/10/2014;;;N.R.
69;12/02/2015;35,21;-0,53;-
69;21/04/2015;;;mancanza d'acqua
69;23/07/2015;34,27;-1,47;-
69;04/11/2015;34,07;-1,67;-
69;02/02/2016;34,03;-1,71;-
69;20/04/2016;34,14;-1,6;-
69;08/07/2016;34,39;-1,35;-
69;03/11/2016;34,39;-1,35;-
69;30/01/2017;;;mancanza d'acqua
69;20/04/2017;;;mancanza d'acqua
69;07/07/2017;35,51;-0,23;-
69;30/10/2017;34,01;-1,73;-
69;22/01/2018;34,17;-1,57;-
69;16/04/2018;34,15;-1,59;-
69;12/07/2018;34,3;-1,44;-
69;25/10/2018;34,09;-1,65;-
69;30/01/2019;;;mancanza d'acqua
69;15/04/2019;;;mancanza d'acqua
69;15/07/2019;34,21;-1,53;-
69;24/10/2019;;;mancanza d'acqua
69;29/01/2020;33,99;-1,75;-
69;23/04/2020;34,16;-1,58;-
69;27/10/2020;34,2;-1,54;-
69;27/01/2021;34,34;-1,4;-
69;22/04/2021;34,14;-1,6;-
69;07/07/2021;34,19;-1,55;-
69;19/10/2021;34,04;-1,7;-
73;20/05/1999;15,67;-3,45;-
73;27/07/1999;15,92;-3,2;-
73;22/11/1999;16,73;-2,39;-
73;24/01/2000;16,23;-2,89;-
73;21/04/2000;16,22;-2,9;-
73;26/07/2000;;;N.R.
73;10/11/2000;16,8;-2,32;-
73;05/02/2001;16,75;-2,37;-
73;24/04/2001;;;N.R.
73;19/07/2001;;;N.R.
73;05/11/2001;;;N.R.
73;01/02/2002;15,88;-3,24;-
73;07/05/2002;16,45;-2,67;-
73;24/07/2002;15,99;-3,13;-
73;28/11/2002;;;N.R.
73;10/02/2003;17,46;-1,66;-
73;07/05/2003;16,43;-2,69;-
73;28/07/2003;;;N.R.
75;13/05/1999;34,52;-1,36;-
75;20/07/1999;34,37;-1,51;-
75;11/11/1999;34,83;-1,05;-
75;01/02/2000;34,14;-1,74;-
75;17/04/2000;34,73;-1,15;-
75;17/07/2000;33,84;-2,04;-
75;06/11/2000;34,81;-1,07;-
75;06/02/2001;34,55;-1,33;-
75;20/04/2001;34,74;-1,14;-
75;18/07/2001;34,22;-1,66;-
75;06/11/2001;34,26;-1,62;-
75;29/01/2002;34,72;-1,16;-
75;24/04/2002;34,66;-1,22;-
75;23/07/2002;34,61;-1,27;-
75;05/11/2002;34,47;-1,41;-
75;04/02/2003;34,53;-1,35;-
75;30/04/2003;34,34;-1,54;-
75;21/07/2003;33,54;-2,34;-
75;04/11/2003;34,6;-1,28;-
75;26/01/2004;34,58;-1,3;-
75;05/05/2004;34,94;-0,94;-
75;03/08/2004;34,12;-1,76;-
75;10/11/2004;34,62;-1,26;-
75;31/01/2005;;;N.R.
75;28/04/2005;34,81;-1,07;-
75;26/07/2005;34,21;-1,67;-
75;11/11/2005;34,81;-1,07;-
75;06/02/2006;;;N.R.
75;31/05/2006;34,23;-1,65;-
75;25/07/2006;33,51;-2,37;-
75;07/11/2006;33,97;-1,91;-
75;09/02/2007;34,3;-1,58;-
75;20/04/2007;34,03;-1,85;-
75;23/07/2007;33,61;-2,27;-
75;09/11/2007;34,32;-1,56;-
75;05/02/2008;34,93;-0,95;-
75;23/04/2008;34,86;-1,02;-
75;18/07/2008;34,11;-1,77;-
75;05/11/2008;34,84;-1,04;-
75;09/02/2009;34,78;-1,1;-
75;21/05/2009;34,25;-1,63;-
75;21/07/2009;34,16;-1,72;-
75;09/11/2009;34,95;-0,93;-
75;04/02/2010;34,46;-1,42;-
75;19/04/2010;34,19;-1,69;-
75;27/07/2010;34,06;-1,82;-
75;08/11/2010;34,81;-1,07;-
75;24/01/2011;34,54;-1,34;-
75;20/04/2011;34,08;-1,8;-
75;11/07/2011;34,69;-1,19;-
75;31/10/2011;34,69;-1,19;-
75;22/02/2012;34,26;-1,62;-
75;16/04/2012;34,27;-1,61;-
75;17/07/2012;33,76;-2,12;-
75;02/11/2012;34,8;-1,08;-
75;30/01/2013;34,58;-1,3;-
75;15/04/2013;34,63;-1,25;-
75;29/07/2013;34;-1,88;-
75;24/10/2013;34,06;-1,82;-
75;05/02/2014;34,97;-0,91;-
75;29/04/2014;34,4;-1,48;-
75;15/07/2014;34,2;-1,68;-
75;28/10/2014;34,42;-1,46;-
75;12/02/2015;34,68;-1,2;-
75;22/04/2015;34,15;-1,73;-
75;23/07/2015;33,78;-2,1;-
75;10/11/2015;34,19;-1,69;-
75;02/02/2016;34,02;-1,86;-
75;03/05/2016;34,24;-1,64;-
75;08/07/2016;33,98;-1,9;-
75;14/11/2016;35,07;-0,81;-
75;30/01/2017;34,66;-1,22;-
75;19/04/2017;35,28;-0,6;-
75;07/07/2017;34,84;-1,04;-
75;09/11/2017;34,25;-1,63;-
75;01/02/2018;34,11;-1,77;-
75;23/04/2018;34,42;-1,46;-
75;12/07/2018;34,71;-1,17;-
75;06/11/2018;34,9;-0,98;-
75;30/01/2019;34,02;-1,86;-
75;23/04/2019;35,05;-0,83;-
75;15/07/2019;34,72;-1,16;-
75;29/10/2019;34,21;-1,67;-
75;29/01/2020;34,14;-1,74;-
75;22/04/2020;33,92;-1,96;-
75;08/07/2020;33,98;-1,9;-
75;03/11/2020;34,27;-1,61;-
75;27/01/2021;34,82;-1,06;-
76;11/11/1999;41,25;-5,86;-
76;01/02/2000;40,52;-6,6;-
76;17/04/2000;39,62;-7,5;-
76;17/07/2000;39,54;-7,57;-
76;08/11/2000;41,19;-5,92;-
76;06/02/2001;41,75;-5,36;-
76;20/04/2001;41,19;-5,92;-
76;19/07/2001;41,04;-6,07;-
76;07/11/2001;40,6;-6,51;-
76;04/02/2002;39,36;-7,75;-
76;10/05/2002;39,1;-8,01;-
76;24/07/2002;40,55;-6,56;-
76;12/11/2002;40,98;-6,13;-
76;28/01/2003;41,02;-6,09;-
76;05/05/2003;39,84;-7,27;-
76;24/07/2003;39,39;-7,72;-
76;05/11/2003;39,38;-7,73;-
76;26/01/2004;39,73;-7,38;-
76;03/08/2004;40,62;-6,49;-
76;18/11/2004;41;-6,11;-
76;31/01/2005;;;N.R.
76;28/04/2005;39,52;-7,59;-
76;26/07/2005;39,85;-7,26;-
76;10/11/2005;41,11;-6;-
76;06/02/2006;;;N.R.
76;30/05/2006;39,61;-7,5;-
76;25/07/2006;39,24;-7,87;-
76;07/11/2006;40,19;-6,92;-
76;05/02/2007;39,21;-7,9;-
76;27/04/2007;38,92;-8,19;-
76;23/07/2007;39,71;-7,4;-
76;11/11/2007;40,21;-6,9;-
76;06/02/2008;39,4;-7,71;-
76;24/04/2008;39,21;-7,9;-
76;18/07/2008;40,45;-6,66;-
76;05/11/2008;40,96;-6,15;-
77;18/05/1999;2,72;-1,85;-
77;29/07/1999;1,13;-3,44;-
77;23/11/1999;3,12;-1,45;-
77;17/01/2000;2,8;-1,77;-
77;19/04/2000;2,88;-1,69;-
77;19/07/2000;2,19;-2,38;-
77;13/11/2000;2,46;-2,11;-
77;05/02/2001;3,18;-1,39;-
77;18/04/2001;3,2;-1,37;-
77;16/07/2001;2,36;-2,21;-
77;05/11/2001;2,01;-2,56;-
77;28/01/2002;2,13;-2,44;-
77;06/05/2002;2,91;-1,66;-
77;22/07/2002;2,53;-2,04;-
77;06/11/2002;2,37;-2,2;-
77;27/01/2003;3,12;-1,45;-
77;29/04/2003;2,94;-1,63;-
77;22/07/2003;2,19;-2,38;-
78;10/05/1999;9,17;-3,93;-
78;29/07/1999;8,83;-4,27;-
78;24/11/1999;8,94;-4,16;-
78;25/01/2000;9,25;-3,85;-
78;18/04/2000;9,42;-3,68;-
78;18/07/2000;9,1;-4;-
78;09/11/2000;8,69;-4,41;-
78;09/02/2001;9,48;-3,62;-
78;19/04/2001;10,39;-2,71;-
78;27/07/2001;10,04;-3,06;-
78;08/11/2001;9,25;-3,85;-
78;31/01/2002;9,18;-3,92;-
78;02/05/2002;9,5;-3,6;-
78;26/07/2002;9,68;-3,42;-
78;07/11/2002;9,76;-3,34;-
78;11/02/2003;10,59;-2,51;-
78;08/05/2003;10,33;-2,77;-
78;25/07/2003;9,47;-3,63;-
78;06/11/2003;8,87;-4,23;-
78;04/02/2004;9,2;-3,9;-
78;13/05/2004;11,4;-1,7;-
78;05/08/2004;9,88;-3,22;-
78;11/11/2004;9,54;-3,56;-
78;31/01/2005;;;N.R.
78;05/05/2005;9,93;-3,17;-
78;03/08/2005;9,24;-3,86;-
78;14/11/2005;10;-3,1;-
78;06/02/2006;;;N.R.
78;01/06/2006;9,89;-3,21;-
78;01/08/2006;9,37;-3,73;-
78;09/11/2006;9,04;-4,06;-
78;08/02/2007;9,2;-3,9;-
78;02/05/2007;9,47;-3,63;-
79;10/05/1999;18,19;-1,63;-
79;20/07/1999;17,62;-2,2;-
79;11/11/1999;18,33;-1,49;-
79;20/01/2000;18,07;-1,75;-
79;18/04/2000;18,17;-1,65;-
79;26/07/2000;17,14;-2,68;-
79;07/11/2000;18,7;-1,12;-
79;07/02/2001;18,26;-1,56;-
79;23/04/2001;18,4;-1,42;-
79;18/07/2001;17,79;-2,03;-
79;06/11/2001;17,9;-1,92;-
79;29/01/2002;18,29;-1,53;-
79;23/04/2002;18,26;-1,56;-
79;31/07/2002;18,06;-1,76;-
79;05/11/2002;18,17;-1,65;-
79;10/02/2003;18,3;-1,52;-
79;30/04/2003;18,13;-1,69;-
79;23/07/2003;17,05;-2,77;-
79;11/11/2003;18,07;-1,75;-
79;30/01/2004;18,18;-1,64;-
79;10/05/2004;18,43;-1,39;-
79;04/08/2004;17,23;-2,59;-
79;08/11/2004;18,2;-1,62;-
79;31/01/2005;;;N.R.
79;03/05/2005;18,23;-1,59;-
79;01/08/2005;17,52;-2,3;-
79;07/11/2005;18,74;-1,08;-
79;06/02/2006;;;N.R.
79;31/05/2006;18,15;-1,67;-
79;26/07/2006;17,13;-2,69;-
79;14/11/2006;17,57;-2,25;-
79;12/02/2007;18,28;-1,54;-
79;24/04/2007;17,98;-1,84;-
79;24/07/2007;17,3;-2,52;-
79;13/11/2007;17,82;-2;-
79;05/02/2008;18,7;-1,12;-
79;29/04/2008;18,24;-1,58;-
79;22/07/2008;17,82;-2;-
79;06/11/2008;18,47;-1,35;-
79;12/02/2009;18,15;-1,67;-
79;12/05/2009;18,17;-1,65;-
79;23/07/2009;17,89;-1,93;-
79;06/11/2009;18,71;-1,11;-
79;11/02/2010;18,5;-1,32;-
79;19/04/2010;18,14;-1,68;-
79;23/07/2010;17,76;-2,06;-
79;02/11/2010;18,62;-1,2;-
79;01/02/2011;18,17;-1,65;-
79;22/04/2011;18;-1,82;-
79;12/07/2011;18,07;-1,75;-
79;02/11/2011;17,74;-2,08;-
79;24/02/2012;;;N.R.
79;08/05/2012;;;N.R.
79;17/07/2012;;;N.R.
80;10/05/1999;2,59;-3,92;-
80;29/07/1999;2,83;-3,68;-
80;28/11/1999;2,72;-3,79;-
80;25/01/2000;2,81;-3,7;-
80;18/04/2000;2,87;-3,64;-
80;18/07/2000;2,86;-3,65;-
80;09/11/2000;2,85;-3,66;-
80;09/02/2001;3,07;-3,44;-
80;19/04/2001;3,14;-3,37;-
80;27/07/2001;3,1;-3,41;-
80;08/11/2001;2,61;-3,9;-
80;31/01/2002;2,81;-3,7;-
80;02/05/2002;2,67;-3,84;-
80;26/07/2002;3;-3,51;-
80;07/11/2002;1,95;-4,56;-
80;11/02/2003;3,26;-3,25;-
80;08/05/2003;3,2;-3,31;-
80;25/07/2003;3,11;-3,4;-
80;06/11/2003;2,86;-3,65;-
80;04/02/2004;2,7;-3,81;-
80;13/05/2004;3,21;-3,3;-
80;05/08/2004;3,23;-3,28;-
80;11/11/2004;2,86;-3,65;-
80;31/01/2005;;;N.R.
80;05/05/2005;2,79;-3,72;-
80;03/08/2005;3;-3,51;-
80;14/11/2005;3,27;-3,24;-
80;06/02/2006;;;N.R.
80;01/06/2006;3,12;-3,39;-
80;01/08/2006;3,09;-3,42;-
80;09/11/2006;2,8;-3,71;-
80;08/02/2007;;;N.R.
80;02/05/2007;3,06;-3,45;-
80;01/08/2007;3,1;-3,41;-
80;27/11/2007;2,75;-3,76;-
80;11/02/2008;2,76;-3,75;-
80;07/05/2008;2,83;-3,68;-
80;24/07/2008;3,06;-3,45;-
80;20/11/2008;;;N.R.
80;12/02/2009;3,21;-3,3;-
80;15/05/2009;3,35;-3,16;-
80;24/07/2009;3,26;-3,25;-
80;05/11/2009;2,09;-4,42;-
80;03/02/2010;3,21;-3,3;-
80;18/05/2010;3,61;-2,9;-
80;22/07/2010;3,4;-3,11;-
80;24/11/2010;3,27;-3,24;-
80;31/01/2011;3,41;-3,1;-
80;27/04/2011;3,35;-3,16;-
80;15/07/2011;3,2;-3,31;-
80;22/11/2011;2,92;-3,59;-
80;27/02/2012;2,89;-3,62;-
80;02/05/2012;3,1;-3,41;-
80;11/07/2012;2,96;-3,55;-
80;19/11/2012;3,12;-3,39;-
80;07/02/2013;3,79;-2,72;-
80;02/05/2013;;;N.R.
80;25/07/2013;3,29;-3,22;-
80;28/10/2013;3,01;-3,5;-
80;30/01/2014;;-3,05;-
80;14/04/2014;;-3;-
80;24/07/2014;3,39;-3,12;-
80;21/10/2014;3,15;-3,36;-
80;02/02/2015;3,23;-3,28;-
80;07/05/2015;3,33;-3,18;-
80;16/07/2015;3,43;-3,08;-
80;19/11/2015;2,82;-3,69;-
80;28/01/2016;2,86;-3,65;-
80;21/04/2016;3,34;-3,17;-
80;07/07/2016;2,76;-3,75;-
80;27/10/2016;3,85;-2,66;-
80;26/01/2017;3,98;-2,53;-
80;13/04/2017;3,24;-3,27;-
80;14/07/2017;4,1;-2,41;-
80;26/10/2017;2,87;-3,64;-
80;25/01/2018;2,86;-3,65;-
80;19/04/2018;3,04;-3,47;-
80;19/07/2018;3,18;-3,33;-
80;08/11/2018;3,09;-3,42;-
80;24/01/2019;3,01;-3,5;-
80;18/04/2019;3,08;-3,43;-
80;18/07/2019;3,29;-3,22;-
80;07/11/2019;3,09;-3,42;-
80;23/01/2020;3,28;-3,23;-
80;16/04/2020;3,27;-3,24;-
80;09/07/2020;3,22;-3,29;-
80;05/11/2020;3,02;-3,49;-
80;28/01/2021;3,19;-3,32;-
80;08/04/2021;3,31;-3,2;-
80;08/07/2021;3,2;-3,31;-
80;21/10/2021;3,05;-3,46;-
82;17/05/1999;4,55;-2,44;-
82;29/07/1999;4,08;-2,91;-
82;19/11/1999;4,7;-2,29;-
82;25/01/2000;4,7;-2,29;-
82;18/04/2000;4,83;-2,16;-
82;18/07/2000;4,18;-2,81;-
82;09/11/2000;4,44;-2,55;-
82;09/02/2001;4,47;-2,52;-
82;19/04/2001;4,89;-2,1;-
82;27/07/2001;4,44;-2,55;-
82;08/11/2001;4,08;-2,91;-
82;31/01/2002;4,12;-2,87;-
82;02/05/2002;4,38;-2,61;-
82;26/07/2002;4,54;-2,45;-
82;07/11/2002;4,73;-2,26;-
82;11/02/2003;4,96;-2,03;-
82;08/05/2003;4,84;-2,15;-
82;25/07/2003;4,12;-2,87;-
82;06/11/2003;3,75;-3,24;-
82;04/02/2004;4,27;-2,72;-
82;13/05/2004;4,96;-2,03;-
82;05/08/2004;4,23;-2,76;-
82;11/11/2004;4,02;-2,97;-
82;31/01/2005;;;N.R.
82;05/05/2005;4,59;-2,4;-
82;03/08/2005;4;-2,99;-
82;14/11/2005;4,78;-2,21;-
82;06/02/2006;;;N.R.
82;01/06/2006;4,55;-2,44;-
82;01/08/2006;4,12;-2,87;-
82;09/11/2006;4,09;-2,9;-
82;08/02/2007;4,26;-2,73;-
82;30/04/2007;4,54;-2,45;-
82;30/07/2007;4,09;-2,9;-
82;15/11/2007;3,79;-3,2;-
82;11/02/2008;3,99;-3;-
82;06/05/2008;4,12;-2,87;-
82;23/07/2008;4,24;-2,75;-
82;20/11/2008;;;N.R.
82;12/02/2009;4,94;-2,05;-
82;14/05/2009;4,97;-2,02;-
82;24/07/2009;4,37;-2,62;-
82;04/11/2009;4,02;-2,97;-
83;10/05/1999;2,76;-3,39;-
83;29/07/1999;2,45;-3,7;-
83;19/11/1999;2,63;-3,52;-
83;25/01/2000;2,82;-3,33;-
83;18/04/2000;2,96;-2,2;-
83;18/07/2000;2,48;-2,68;-
83;09/11/2000;2,46;-2,7;-
83;09/02/2001;3,18;-1,98;-
83;19/04/2001;3,36;-1,8;-
83;27/07/2001;2,64;-2,52;-
83;08/11/2001;2,26;-2,9;-
83;31/01/2002;2,24;-2,92;-
83;02/05/2002;2,55;-2,61;-
83;26/07/2002;2,71;-2,45;-
83;07/11/2002;2,79;-2,37;-
83;11/02/2003;3,3;-1,86;-
83;08/05/2003;2,95;-2,21;-
83;25/07/2003;2,41;-2,75;-
83;06/11/2003;2,15;-3,01;-
83;04/02/2004;2,71;-2,45;-
83;13/05/2004;3,47;-1,69;-
83;05/08/2004;2,7;-2,46;-
83;11/11/2004;2,44;-2,72;-
83;31/01/2005;;;N.R.
83;05/05/2005;2,77;-2,39;-
83;03/08/2005;2,5;-2,66;-
83;14/11/2005;3,19;-1,97;-
83;06/02/2006;;;N.R.
83;01/06/2006;2,83;-2,33;-
83;01/08/2006;2,6;-2,56;-
83;09/11/2006;2,42;-2,74;-
83;08/02/2007;2,58;-2,58;-
83;30/04/2007;2,85;-2,31;-
83;26/07/2007;2,46;-2,7;-
83;15/11/2007;2,2;-2,96;-
83;11/02/2008;2,39;-2,77;-
83;02/05/2008;2,56;-2,6;-
83;21/07/2008;2,68;-2,48;-
83;20/11/2008;;;N.R.
83;11/02/2009;3,46;-1,7;-
83;12/05/2009;3,49;-1,67;-
83;21/07/2009;2,69;-2,47;-
83;05/11/2009;;;N.R.
84;13/05/1999;-3,32;-2,7;-
84;29/07/1999;-3,8;-3,18;-
84;23/11/1999;-3,46;-2,84;-
84;31/01/2000;-3,17;-2,55;-
84;19/04/2000;-2,77;-2,15;-
84;19/07/2000;-3,87;-3,25;-
84;13/11/2000;-3,58;-2,96;-
84;05/02/2001;-2,53;-1,91;-
84;18/04/2001;-2,65;-2,03;-
84;16/07/2001;-3,64;-3,02;-
84;05/11/2001;-4,02;-3,4;-
84;28/01/2002;-3,92;-3,3;-
84;06/05/2002;-3,57;-2,95;-
84;22/07/2002;-3,48;-2,86;-
84;06/11/2002;-3,64;-3,02;-
84;28/01/2003;-2,62;-2;-
84;29/04/2003;-2,84;-2,22;-
84;22/07/2003;-3,87;-3,25;-
84;03/11/2003;-4,33;-3,71;-
84;27/01/2004;-3,9;-3,28;-
84;03/05/2004;-2,86;-2,24;-
84;02/08/2004;-3,71;-3,09;-
84;16/11/2004;-3,87;-3,25;-
84;31/01/2005;;;N.R.
84;29/04/2005;-2,92;-2,3;-
84;28/07/2005;-3,79;-3,17;-
84;08/11/2005;-2,49;-1,87;-
84;06/02/2006;;;N.R.
84;05/06/2006;-3,29;-2,67;-
84;27/07/2006;-3,41;-2,79;-
84;06/11/2006;-3,84;-3,22;-
84;07/02/2007;-3,56;-2,94;-
84;30/04/2007;-3,2;-2,58;-
84;30/07/2007;-3,63;-3,01;-
84;27/11/2007;-3,69;-3,07;-
84;12/02/2008;-2,9;-2,28;-
84;07/05/2008;-2,78;-2,16;-
84;23/07/2008;-3,3;-2,68;-
84;17/11/2008;-3,42;-2,8;-
84;11/04/2009;-2,45;-1,83;-
84;13/05/2009;-2,52;-1,9;-
84;21/07/2009;-3,49;-2,87;-
84;03/11/2009;-3,82;-3,2;-
85;11/05/1999;6,83;-4,4;-
85;29/07/1999;6,61;-4,62;-
85;24/11/1999;6,92;-4,31;-
85;25/01/2000;7,13;-4,1;-
85;18/04/2000;7,13;-4,1;-
85;18/07/2000;6,82;-4,41;-
85;09/11/2000;6,93;-4,3;-
85;09/02/2001;7,68;-3,55;-
85;19/04/2001;7,89;-3,34;-
85;27/07/2001;7,2;-4,03;-
85;08/11/2001;6,71;-4,52;-
85;31/01/2002;6,43;-4,8;-
85;02/05/2002;6,7;-4,53;-
85;26/07/2002;7,01;-4,22;-
85;07/11/2002;7,08;-4,15;-
85;11/02/2003;7,64;-3,59;-
85;08/05/2003;7,37;-3,86;-
85;25/07/2003;6,94;-4,29;-
85;06/11/2003;6,46;-4,77;-
85;04/02/2004;6,67;-4,56;-
85;13/05/2004;7,97;-3,26;-
85;05/08/2004;7,18;-4,05;-
85;11/11/2004;6,64;-4,59;-
85;31/01/2005;;;N.R.
85;05/05/2005;7,05;-4,18;-
85;03/08/2005;6,6;-4,63;-
85;14/11/2005;7,07;-4,16;-
85;06/02/2006;;;N.R.
85;01/06/2006;7,1;-4,13;-
85;01/08/2006;6,68;-4,55;-
85;09/11/2006;6,68;-4,55;-
85;08/02/2007;6,71;-4,52;-
85;30/04/2007;7,08;-4,15;-
85;01/08/2007;6,73;-4,5;-
85;27/11/2007;6,15;-5,08;-
85;11/02/2008;6,36;-4,87;-
85;08/05/2008;6,5;-4,73;-
85;24/07/2008;6,46;-4,77;-
85;20/11/2008;;;N.R.
85;12/02/2009;7,48;-3,75;-
85;14/05/2009;7,9;-3,33;-
85;24/07/2009;6,78;-4,45;-
85;04/11/2009;6,66;-4,57;-
86;10/05/1999;3,76;-2,89;-
86;29/07/1999;3,2;-3,45;-
86;25/11/1999;4,18;-2,47;-
86;25/01/2000;3,99;-2,66;-
86;18/04/2000;4,45;-2,2;-
86;18/07/2000;3,37;-3,28;-
86;09/11/2000;3,8;-2,85;-
86;09/02/2001;4,25;-2,4;-
86;19/04/2001;3,62;-3,03;-
86;27/07/2001;3,75;-2,9;-
86;08/11/2001;3,55;-3,1;-
86;31/01/2002;3,63;-3,02;-
86;02/05/2002;3,2;-3,45;-
86;26/07/2002;4,44;-2,21;-
86;07/11/2002;4,4;-2,25;-
86;11/02/2003;4,75;-1,9;-
86;08/05/2003;2,11;-4,54;-
86;25/07/2003;1,75;-4,9;-
86;06/11/2003;3,16;-3,49;-
86;04/02/2004;3,84;-2,81;-
86;13/05/2004;4,91;-1,74;-
86;05/08/2004;3,41;-3,24;-
86;11/11/2004;3,48;-3,17;-
86;31/01/2005;;;N.R.
86;05/05/2005;3,87;-2,78;-
86;03/08/2005;;;N.R.
86;14/11/2005;4,28;-2,37;-
86;06/02/2006;;;N.R.
86;01/06/2006;3,77;-2,88;-
86;01/08/2006;2,93;-3,72;-
86;09/11/2006;3,12;-3,53;-
86;08/02/2007;3,49;-3,16;-
86;03/05/2007;3,48;-3,17;-
86;02/07/2007;2,98;-3,67;-
86;23/11/2007;2,83;-3,82;-
86;13/02/2008;3,07;-3,58;-
86;09/05/2008;2,91;-3,74;-
86;24/07/2008;;;N.R.
86;20/11/2008;;;N.R.
86;11/04/2009;4,78;-1,87;-
86;15/05/2009;4,21;-2,44;-
86;27/07/2009;3,44;-3,21;-
86;05/11/2009;3,08;-3,57;-
86;03/02/2010;3,85;-2,8;-
86;18/05/2010;5,03;-1,62;-
86;22/07/2010;2,52;-4,13;-
86;24/11/2010;;;N.R.
86;31/01/2011;4,75;-1,9;-
86;27/04/2011;4,23;-2,42;-
86;14/07/2011;3,05;-3,6;-
86;23/11/2011;3,12;-3,53;-
86;28/02/2012;3,27;-3,38;-
86;03/05/2012;3,17;-3,48;-
86;11/07/2012;2,95;-3,7;-
86;08/11/2012;4,02;-2,63;-
86;06/02/2013;5,14;-1,51;-
86;02/05/2013;5,03;-1,62;-
86;25/07/2013;3,65;-3;-
86;28/10/2013;4;-2,65;-
86;30/01/2014;5,22;-1,43;-
86;14/04/2014;;;N.R.
86;24/07/2014;3,3;-3,35;-
86;21/10/2014;3,8;-2,85;-
86;02/02/2015;4,52;-2,13;-
86;29/04/2015;;;N.R.
86;16/07/2015;3,85;-2,8;-
86;19/11/2015;3,15;-3,5;-
86;28/01/2016;3,53;-3,12;-
86;21/04/2016;3,97;-2,68;-
86;07/07/2016;3,85;-2,8;-
86;27/10/2016;4,46;-2,19;-
86;26/01/2017;4,98;-1,67;-
86;13/04/2017;1,8;-4,85;-
86;14/07/2017;3,88;-2,77;-
86;26/10/2017;3,01;-3,64;-
86;25/01/2018;3,4;-3,25;-
86;19/04/2018;3,8;-2,85;-
86;19/07/2018;3,55;-3,1;-
86;08/11/2018;4,03;-2,62;-
86;24/01/2019;3,94;-2,71;-
86;18/04/2019;3,76;-2,89;-
86;18/07/2019;3,69;-2,96;-
86;13/11/2019;4,5;-2,15;-
86;23/01/2020;4,73;-1,92;-
86;16/04/2020;4,14;-2,51;-
86;09/07/2020;3,78;-2,87;-
86;05/11/2020;3,54;-3,11;-
86;28/01/2021;4,25;-2,4;-
86;08/04/2021;3,9;-2,75;-
86;08/07/2021;3,67;-2,98;-
87;10/05/1999;13,72;-1,34;-
87;29/07/1999;12,31;-2,75;-
87;25/01/2000;;;N.R.
87;18/04/2000;12,61;-2,45;-
87;18/07/2000;12,24;-2,82;-
87;09/11/2000;12,86;-2,2;-
87;09/02/2001;;;N.R.
87;19/04/2001;;;N.R.
87;27/07/2001;12,3;-2,76;-
87;08/11/2001;12,12;-2,94;-
87;31/01/2002;;;N.R.
87;02/05/2002;;;N.R.
87;26/07/2002;12,35;-2,71;-
87;07/11/2002;;;N.R.
87;11/02/2003;;;N.R.
87;08/05/2003;12,34;-2,72;-
87;25/07/2003;;;N.R.
87;06/11/2003;12,04;-3,02;-
87;04/02/2004;12,62;-2,44;-
87;13/05/2004;12,93;-2,13;-
87;05/08/2004;12,16;-2,9;-
87;11/11/2004;;;N.R.
87;31/01/2005;;;N.R.
87;05/05/2005;;;N.R.
87;03/08/2005;11,94;-3,12;-
87;14/11/2005;;;N.R.
87;06/02/2006;;;N.R.
87;01/06/2006;12,39;-2,67;-
87;01/08/2006;12,02;-3,04;-
87;09/11/2006;;;N.R.
87;08/02/2007;;;N.R.
87;24/04/2007;;;N.R.
87;26/07/2007;12,36;-2,7;-
87;15/11/2007;12,14;-2,92;-
87;11/02/2008;;;N.R.
87;02/05/2008;12,63;-2,43;-
87;24/07/2008;;;N.R.
87;20/11/2008;;;N.R.
87;11/02/2009;;;N.R.
87;19/05/2009;;;N.R.
87;27/07/2009;;;N.R.
87;05/11/2009;;;N.R.
239;03/05/1999;36,31;-3,45;-
239;20/07/1999;36,18;-3,58;-
239;09/11/1999;37,94;-1,82;-
239;01/02/2000;37,47;-2,29;-
239;20/04/2000;36,5;-3,26;-
239;17/07/2000;35,99;-3,77;-
239;24/11/2000;38,58;-1,18;-
239;06/02/2001;38,83;-0,93;-
239;20/04/2001;38,06;-1,7;-
239;07/08/2001;36,95;-2,81;-
239;20/11/2001;37,64;-2,12;-
239;15/02/2002;36,39;-3,37;-
239;10/05/2002;35,96;-3,8;-
239;09/08/2002;37,36;-2,4;-
239;22/11/2002;37,91;-1,85;-
239;13/02/2003;37,84;-1,92;-
239;09/05/2003;36,73;-3,03;-
239;20/08/2003;35,25;-4,51;-
239;17/11/2003;36,36;-3,4;-
239;06/02/2004;36,57;-3,19;-
239;07/05/2004;37,3;-2,46;-
239;13/08/2004;37,53;-2,23;-
239;19/11/2004;38,01;-1,75;-
239;31/01/2005;;;N.R.
239;04/05/2005;36,51;-3,25;-
239;28/07/2005;36,46;-3,3;-
239;16/11/2005;38,29;-1,47;-
239;06/02/2006;;;N.R.
239;31/05/2006;36,54;-3,22;-
239;28/07/2006;35,91;-3,85;-
239;10/11/2006;37,28;-2,48;-
239;09/02/2007;36,33;-3,43;-
239;26/04/2007;35,74;-4,02;-
239;24/07/2007;35,34;-4,42;-
239;14/11/2007;37;-2,76;-
239;06/02/2008;36,35;-3,41;-
239;28/04/2008;36,02;-3,74;-
239;18/07/2008;36,4;-3,36;-
239;07/11/2008;37,59;-2,17;-
239;27/02/2009;38,64;-1,12;-
239;21/05/2009;38,31;-1,45;-
239;21/07/2009;37,85;-1,91;-
239;11/11/2009;38,37;-1,39;-
239;10/02/2010;38,26;-1,5;-
239;14/05/2010;38;-1,76;-
239;30/07/2010;38,1;-1,66;-
239;30/11/2010;39,42;-0,34;-
239;02/02/2011;39,48;-0,28;-
239;03/05/2011;38,26;-1,5;-
239;13/07/2011;37,92;-1,84;-
239;03/11/2011;37,87;-1,89;-
239;29/02/2012;36,8;-2,96;-
239;24/04/2012;36,14;-3,62;-
239;19/07/2012;35,81;-3,95;-
239;02/11/2012;37,08;-2,68;-
239;01/02/2013;38,18;-1,58;-
239;03/05/2013;38,34;-1,42;-
239;31/07/2013;38,29;-1,47;-
239;04/11/2013;38,11;-1,65;-
239;05/02/2014;39,28;-0,48;-
239;06/05/2014;39,12;-0,64;-
239;14/07/2014;38,35;-1,41;-
239;03/11/2014;38,05;-1,71;-
239;02/02/2015;38;-1,76;-
239;04/05/2015;37,03;-2,73;-
239;22/07/2015;36,51;-3,25;-
239;05/11/2015;37,08;-2,68;-
239;03/02/2016;36,24;-3,52;-
239;14/04/2016;36,47;-3,29;-
239;22/07/2016;36,67;-3,09;-
239;08/11/2016;37,28;-2,48;-
239;30/01/2017;36,7;-3,06;-
239;10/05/2017;35,61;-4,15;-
239;11/07/2017;35,44;-4,32;-
239;23/10/2017;36,42;-3,34;-
239;25/01/2018;35,89;-3,87;-
239;10/04/2018;35,82;-3,94;-
239;12/07/2018;35,86;-3,9;-
239;08/11/2018;37,13;-2,63;-
239;24/01/2019;36,8;-2,96;-
239;23/04/2019;35,91;-3,85;-
239;16/07/2019;36,8;-2,96;-
239;25/10/2019;37,72;-2,04;-
239;30/01/2020;37,46;-2,3;-
239;08/04/2020;36,84;-2,92;-
239;08/07/2020;36,38;-3,38;-
239;29/10/2020;37,28;-2,48;-
239;20/01/2021;37,36;-2,4;-
239;09/04/2021;37,16;-2,6;-
239;12/07/2021;37,14;-2,62;-
239;19/10/2021;37,4;-2,36;-
241;17/03/1999;45,76;-2,24;-
241;10/05/1999;45,97;-2,03;-
241;20/07/1999;45,3;-2,7;-
241;11/11/1999;46,36;-1,64;-
241;01/02/2000;45,72;-2,28;-
241;20/04/2000;45,81;-2,19;-
241;17/07/2000;46;-2;-
241;08/11/2000;47,08;-0,92;-
241;06/02/2001;46,11;-1,89;-
241;20/04/2001;46,05;-1,95;-
241;19/07/2001;41,95;-6,05;probabilmente pompe irrigazione in funzione
241;20/11/2001;45,75;-2,25;-
241;04/02/2002;45,29;-2,71;-
241;10/05/2002;46,37;-1,63;-
241;29/07/2002;41,96;-6,04;probabilmente pompe irrigazione in funzione
241;12/11/2002;45,98;-2,02;-
241;10/02/2003;45,96;-2,04;-
241;05/05/2003;45,6;-2,4;-
241;24/07/2003;44,88;-3,12;-
241;10/11/2003;45,75;-2,25;-
241;26/01/2004;45,6;-2,4;-
241;04/05/2004;46,08;-1,92;-
241;03/08/2004;41,18;-6,82;probabilmente pompe irrigazione in funzione
241;18/11/2004;46,1;-1,9;-
241;31/01/2005;;;N.R.
241;28/04/2005;45,73;-2,27;-
241;26/07/2005;44,73;-3,27;-
241;10/11/2005;46,05;-1,95;-
241;06/02/2006;;;N.R.
241;30/05/2006;44,87;-3,13;-
241;25/07/2006;43,62;-4,38;-
241;07/11/2006;44,51;-3,49;-
241;05/02/2007;44,3;-3,7;-
241;27/04/2007;45,45;-2,55;-
241;25/07/2007;44,79;-3,21;-
241;14/11/2007;45,37;-2,63;-
241;06/02/2008;45,57;-2,43;-
241;24/04/2008;45,8;-2,2;-
241;18/07/2008;42,52;-5,48;probabilmente pompe irrigazione in funzione
241;05/11/2008;43,69;-4,31;-
241;09/02/2009;46,36;-1,64;-
241;21/05/2009;46,34;-1,66;-
241;21/07/2009;43,68;-4,32;pompe per irrigazione in funzione
241;12/11/2009;45,91;-2,09;-
241;08/02/2010;45,77;-2,23;-
241;14/05/2010;46,39;-1,61;-
241;21/07/2010;42,07;-5,93;pompe per irrigazione in funzione
241;30/11/2010;46,5;-1,5;-
241;03/02/2011;46,12;-1,88;-
241;03/05/2011;45,85;-2,15;-
241;13/07/2011;44,94;-3,06;-
241;11/11/2011;46,25;-1,75;-
241;23/02/2012;45,12;-2,88;-
241;20/04/2012;45,15;-2,85;-
241;18/07/2012;44,65;-3,35;-
241;15/11/2012;46,92;-1,08;-
241;31/01/2013;45,83;-2,17;-
241;15/04/2013;46,27;-1,73;-
241;30/07/2013;45,7;-2,3;-
241;07/11/2013;45,81;-2,19;-
241;05/02/2014;47,08;-0,92;-
241;28/04/2014;46,47;-1,53;-
241;15/07/2014;46,26;-1,74;-
241;18/11/2014;46,9;-1,1;-
241;12/02/2015;45,75;-2,25;-
241;28/04/2015;45,64;-2,36;-
241;23/07/2015;44,29;-3,71;-
241;11/11/2015;44,65;-3,35;-
241;02/02/2016;44,04;-3,96;-
241;04/05/2016;44,54;-3,46;-
241;08/07/2016;;;mancanza d'acqua
241;26/10/2016;44,57;-3,43;-
241;30/01/2017;41,2;-6,8;anomalo
241;04/05/2017;45,24;-2,76;-
241;07/07/2017;48,06;0,06;-
241;25/10/2017;45,18;-2,82;-
241;22/01/2018;45,39;-2,61;-
241;18/04/2018;45,92;-2,08;-
241;12/07/2018;45,69;-2,31;-
241;30/10/2018;47,23;-0,77;-
241;30/01/2019;44,33;-3,67;-
241;17/04/2019;45,74;-2,26;-
241;15/07/2019;42,48;-5,52;-
241;30/10/2019;45,52;-2,48;-
241;29/01/2020;45,8;-2,2;-
241;21/04/2020;45,54;-2,46;-
241;08/07/2020;43,43;-4,57;-
241;28/10/2020;46,39;-1,61;-
241;27/01/2021;46,09;-1,91;-
241;06/04/2021;45,94;-2,06;-
241;07/07/2021;42,07;-5,93;-
241;20/10/2021;42,73;-5,27;-
513;20/11/2001;40,01;-7,1;-
513;15/02/2002;38,74;-8,37;-
513;10/05/2002;38,48;-8,63;-
513;09/08/2002;40,15;-6,96;-
513;22/11/2002;40,4;-6,71;-
513;13/02/2003;40,26;-6,85;-
513;09/05/2003;39,24;-7,87;-
513;20/08/2003;38,94;-8,17;-
513;17/11/2003;38,81;-8,3;-
513;06/02/2004;39,07;-8,04;-
513;07/05/2004;39,83;-7,28;-
513;13/08/2004;40,56;-6,55;-
513;19/11/2004;40,41;-6,7;-
513;31/01/2005;;;N.R.
513;04/05/2005;38,95;-8,16;-
513;02/08/2005;37,19;-9,92;-
513;16/11/2005;40,73;-6,38;-
513;06/02/2006;;;N.R.
513;31/05/2006;39,06;-8,05;-
513;28/07/2006;36,51;-10,6;-
513;10/11/2006;39,61;-7,5;-
513;09/02/2007;38,69;-8,42;-
513;26/04/2007;38,11;-9;-
513;24/07/2007;36,55;-10,56;-
513;14/11/2007;39,4;-7,71;-
513;06/02/2008;38,79;-8,32;-
513;28/04/2008;38,47;-8,64;-
513;18/07/2008;39,61;-7,5;-
513;07/11/2008;40,01;-7,1;-
513;27/02/2009;41,04;-6,07;-
513;21/05/2009;40,81;-6,3;-
513;21/07/2009;39,68;-7,43;-
513;11/11/2009;40,76;-6,35;-
513;11/02/2010;40,62;-6,49;-
513;14/05/2010;40,61;-6,5;-
513;30/07/2010;40,93;-6,18;-
513;30/11/2010;41,82;-5,29;-
513;02/02/2011;41,75;-5,36;-
513;03/05/2011;40,73;-6,38;-
513;13/07/2011;40,62;-6,49;-
513;03/11/2011;40,37;-6,74;-
513;29/02/2012;39,27;-7,84;-
513;24/04/2012;38,56;-8,55;-
513;19/07/2012;38,55;-8,56;-
513;02/11/2012;39,66;-7,45;-
513;01/02/2013;40,64;-6,47;-
513;03/05/2013;40,76;-6,35;-
513;31/07/2013;41,18;-5,93;-
513;04/11/2013;40,52;-6,59;-
513;05/02/2014;41,78;-5,33;-
513;06/05/2014;41,41;-5,7;-
513;14/07/2014;40,98;-6,13;-
513;03/11/2014;40,5;-6,61;-
513;02/02/2015;40,36;-6,75;-
513;04/05/2015;39,55;-7,56;-
513;22/07/2015;39,39;-7,72;-
513;05/11/2015;39,65;-7,46;-
513;03/02/2016;38,72;-8,39;-
513;14/04/2016;39;-8,11;-
513;22/07/2016;39,51;-7,6;-
513;08/11/2016;39,83;-7,28;-
513;30/01/2017;39,19;-7,92;-
513;10/05/2017;38,01;-9,1;-
513;11/07/2017;38,32;-8,79;-
513;23/10/2017;39,02;-8,09;-
513;25/01/2018;38,34;-8,77;-
513;10/04/2018;38,34;-8,77;-
513;12/07/2018;38,98;-8,13;-
513;08/11/2018;39,62;-7,49;-
513;24/01/2019;39,3;-7,81;-
513;23/04/2019;38,45;-8,66;-
513;16/07/2019;40,09;-7,02;-
513;25/10/2019;40,32;-6,79;-
513;30/01/2020;40,07;-7,04;-
513;08/04/2020;39,4;-7,71;-
513;08/07/2020;39,49;-7,62;-
513;29/10/2020;39,97;-7,14;-
513;20/01/2021;39,95;-7,16;-
513;09/04/2021;39,75;-7,36;-
513;12/07/2021;40,03;-7,08;-
513;19/10/2021;40,03;-7,08;-
514;20/11/2001;38,82;-2,51;-
514;15/02/2002;37,57;-3,76;-
514;10/05/2002;37,22;-4,11;-
514;09/08/2002;38,75;-2,58;-
514;22/11/2002;39,17;-2,16;-
514;13/02/2003;39,03;-2,3;-
514;09/05/2003;38,02;-3,31;-
514;20/08/2003;37,33;-4;-
514;17/11/2003;37,67;-3,66;-
514;06/02/2004;37,83;-3,5;-
514;07/05/2004;38,55;-2,78;-
514;13/08/2004;38,51;-2,82;-
514;19/11/2004;39,19;-2,14;-
514;31/01/2005;;;N.R.
514;04/05/2005;37,73;-3,6;-
514;28/07/2005;37,15;-4,18;-
514;16/11/2005;39,49;-1,84;-
514;06/02/2006;;;N.R.
514;31/05/2006;37,74;-3,59;-
514;28/08/2006;36,77;-4,56;-
514;10/11/2006;38,41;-2,92;-
514;09/02/2007;37,5;-3,83;-
514;20/04/2007;36,95;-4,38;-
514;24/07/2007;36,65;-4,68;-
514;14/11/2007;38,18;-3,15;-
514;06/02/2008;37,56;-3,77;-
514;28/04/2008;37,23;-4,1;-
514;18/07/2008;38,11;-3,22;-
514;07/11/2008;38,78;-2,55;-
514;27/02/2009;39,87;-1,46;-
514;21/05/2009;39,61;-1,72;-
514;21/07/2009;38,73;-2,6;-
514;11/11/2009;39,58;-1,75;-
514;11/02/2010;39,46;-1,87;-
514;14/05/2010;39,27;-2,06;-
514;30/07/2010;39,52;-1,81;-
514;30/11/2010;40,69;-0,64;-
514;02/02/2011;40,69;-0,64;-
514;03/05/2011;39,49;-1,84;-
514;13/07/2011;39,3;-2,03;-
514;03/11/2011;39,13;-2,2;-
514;29/02/2012;38,03;-3,3;-
514;24/04/2012;37,32;-4,01;-
514;19/07/2012;37,43;-3,9;-
514;02/11/2012;38,34;-2,99;-
514;01/02/2013;39,41;-1,92;-
514;03/05/2013;39,54;-1,79;-
514;31/07/2013;39,89;-1,44;-
514;04/11/2013;39,33;-2;-
514;05/02/2014;40,63;-0,7;-
514;06/05/2014;40,31;-1,02;-
514;14/07/2014;39,68;-1,65;-
514;03/11/2014;39,28;-2,05;-
514;02/02/2015;39,17;-2,16;-
514;04/05/2015;38,28;-3,05;-
514;22/07/2015;38,02;-3,31;-
514;05/11/2015;38,35;-2,98;-
514;03/02/2016;37,48;-3,85;-
514;14/04/2016;37,73;-3,6;-
514;22/07/2016;38,23;-3,1;-
514;08/11/2016;38,54;-2,79;-
514;30/01/2017;37,95;-3,38;-
514;10/05/2017;36,82;-4,51;-
514;11/07/2017;36,93;-4,4;-
514;23/10/2017;37,69;-3,64;-
514;25/01/2018;37,1;-4,23;-
514;10/04/2018;37,08;-4,25;-
514;12/07/2018;37,59;-3,74;-
514;08/11/2018;38,36;-2,97;-
514;24/01/2019;38,04;-3,29;-
514;23/04/2019;37,18;-4,15;-
514;16/07/2019;38,69;-2,64;-
514;25/10/2019;39;-2,33;-
514;30/01/2020;38,76;-2,57;-
514;08/04/2020;38,12;-3,21;-
514;08/07/2020;38,13;-3,2;-
514;29/10/2020;38,61;-2,72;-
514;20/01/2021;38,64;-2,69;-
514;09/04/2021;38,46;-2,87;-
514;12/07/2021;38,63;-2,7;-
514;19/10/2021;38,69;-2,64;-
515;17/07/2001;37,53;-8,42;-
515;14/11/2001;37,54;-8,41;-
515;05/02/2002;;;N.R.
515;24/04/2002;;;mancanza d'acqua
515;21/08/2002;;;mancanza d'acqua
515;22/11/2002;;;N.R.
515;04/02/2003;37,77;-8,18;-
515;09/05/2003;;;mancanza d'acqua
515;08/08/2003;;;mancanza d'acqua
515;04/11/2003;;;mancanza d'acqua
515;03/02/2004;;;mancanza d'acqua
515;06/05/2004;;;mancanza d'acqua
515;03/08/2004;37,38;-8,57;-
515;10/11/2004;38,1;-7,85;-
515;31/01/2005;;;N.R.
515;28/04/2005;;;mancanza d'acqua
515;26/07/2005;;;mancanza d'acqua
515;11/11/2005;38,33;-7,62;-
515;06/02/2006;;;N.R.
515;31/05/2006;;;mancanza d'acqua
515;25/07/2006;;;mancanza d'acqua
515;07/11/2006;;;mancanza d'acqua
515;09/02/2007;;;mancanza d'acqua
515;24/04/2007;;;mancanza d'acqua
515;02/08/2007;;;mancanza d'acqua
515;12/11/2007;;;mancanza d'acqua
515;06/02/2008;;;mancanza d'acqua
515;28/04/2008;;;mancanza d'acqua
515;18/07/2008;;;mancanza d'acqua
515;05/11/2008;37,45;-8,5;-
515;09/02/2009;38,93;-7,02;-
515;21/05/2009;38,45;-7,5;-
515;21/07/2009;37,95;-8;-
515;09/11/2009;38,45;-7,5;-
515;05/02/2010;38,29;-7,66;-
515;21/04/2010;37,94;-8,01;-
515;27/07/2010;38,08;-7,87;-
515;08/11/2010;39,3;-6,65;-
515;01/02/2011;39,63;-6,32;-
515;21/04/2011;38,41;-7,54;-
515;11/07/2011;38,01;-7,94;-
515;31/10/2011;37,95;-8;-
515;24/02/2012;;;mancanza d'acqua
515;16/04/2012;;;mancanza d'acqua
515;09/07/2012;;;mancanza d'acqua
515;02/11/2012;;;mancanza d'acqua
515;31/01/2013;38,23;-7,72;-
515;15/04/2013;38,42;-7,53;-
515;30/07/2013;38,5;-7,45;-
515;24/10/2013;38,25;-7,7;-
515;05/02/2014;39,16;-6,79;-
515;29/04/2014;39,35;-6,6;-
515;15/07/2014;38,35;-7,6;-
515;28/10/2014;38,07;-7,88;-
515;12/02/2015;37,95;-8;-
515;27/04/2015;;;mancanza d'acqua
515;02/02/2016;;;mancanza d'acqua
515;03/05/2016;;;mancanza d'acqua
515;08/07/2016;;;mancanza d'acqua
515;14/11/2016;;;mancanza d'acqua
515;30/01/2017;;;mancanza d'acqua
515;19/04/2017;;;mancanza d'acqua
515;07/07/2017;;;mancanza d'acqua
515;09/11/2017;;;mancanza d'acqua
515;30/01/2019;;;mancanza d'acqua
515;23/04/2019;;;mancanza d'acqua
515;15/07/2019;37,42;-8,53;-
515;29/10/2019;37,34;-8,61;-
515;29/01/2020;37,26;-8,69;-
515;22/04/2020;;;mancanza d'acqua
515;08/07/2020;;;mancanza d'acqua
515;03/11/2020;37,19;-8,76;-
515;27/01/2021;37,39;-8,56;-
515;06/04/2021;;;mancanza d'acqua
515;07/07/2021;;;mancanza d'acqua
515;26/10/2021;;;mancanza d'acqua
518;20/11/2001;37,72;-2,82;-
518;15/02/2002;36,31;-4,23;-
518;10/05/2002;35,82;-4,72;-
518;09/08/2002;37,54;-3;-
518;22/11/2002;38,02;-2,52;-
518;13/02/2003;37,89;-2,65;-
518;09/05/2003;36,73;-3,81;-
518;20/08/2003;35,78;-4,76;-
518;17/11/2003;36,3;-4,24;-
518;06/02/2004;36,44;-4,1;-
518;07/05/2004;37,35;-3,19;-
518;13/08/2004;37,53;-3,01;-
518;19/11/2004;38,13;-2,41;-
518;31/01/2005;;;N.R.
518;04/05/2005;36,29;-4,25;-
518;02/08/2005;35,58;-4,96;-
518;16/11/2005;38,4;-2,14;-
518;06/02/2006;;;N.R.
518;31/05/2006;36,44;-4,1;-
518;28/07/2006;35,62;-4,92;-
518;10/11/2006;37,24;-3,3;-
518;09/02/2007;36,18;-4,36;-
518;26/04/2007;35,54;-5;-
518;24/07/2007;35,06;-5,48;-
518;14/11/2007;37,05;-3,49;-
518;06/02/2008;36,26;-4,28;-
518;28/04/2008;35,88;-4,66;-
518;18/07/2008;36,07;-4,47;-
518;07/11/2008;37,64;-2,9;-
518;17/02/2009;38,92;-1,62;-
518;21/05/2009;38,49;-2,05;-
518;21/07/2009;37,5;-3,04;-
518;11/11/2009;38,48;-2,06;-
518;10/02/2010;38,41;-2,13;-
518;14/05/2010;38,06;-2,48;-
518;30/07/2010;38,26;-2,28;-
518;30/11/2010;39,81;-0,73;-
518;02/02/2011;39,96;-0,58;-
518;03/05/2011;38,45;-2,09;-
518;13/07/2011;37,84;-2,7;-
518;03/11/2011;37,98;-2,56;-
518;29/02/2012;36,77;-3,77;-
518;24/04/2012;36;-4,54;-
518;19/07/2012;35,47;-5,07;-
518;02/11/2012;37,09;-3,45;-
518;01/02/2013;38,34;-2,2;-
518;03/05/2013;38,54;-2;-
518;31/07/2013;38,34;-2,2;-
518;04/11/2013;38,26;-2,28;-
518;05/02/2014;39,49;-1,05;-
518;06/05/2014;39,45;-1,09;-
518;14/07/2014;38,45;-2,09;-
518;03/11/2014;38,2;-2,34;-
518;02/02/2015;38,08;-2,46;-
518;04/05/2015;37;-3,54;-
518;22/07/2015;35,92;-4,62;-
518;05/11/2015;37,09;-3,45;-
518;03/02/2016;36,15;-4,39;-
518;14/04/2016;36,44;-4,1;-
518;22/07/2016;36,51;-4,03;-
518;08/11/2016;37,32;-3,22;-
518;30/01/2017;36,68;-3,86;-
518;10/05/2017;35,46;-5,08;-
518;11/07/2017;35,24;-5,3;-
518;23/10/2017;36,39;-4,15;-
518;25/01/2018;35,75;-4,79;-
518;10/04/2018;35,7;-4,84;-
518;12/07/2018;35,74;-4,8;-
518;08/11/2018;37,14;-3,4;-
518;24/01/2019;36,81;-3,73;-
518;23/04/2019;35,8;-4,74;-
518;16/07/2019;36,62;-3,92;-
518;25/10/2019;37,87;-2,67;-
518;30/01/2020;37,5;-3,04;-
518;08/04/2020;36,82;-3,72;-
518;08/07/2020;36,34;-4,2;-
518;29/10/2020;37,38;-3,16;-
518;20/01/2021;37,37;-3,17;-
518;09/04/2021;37,23;-3,31;-
518;12/07/2021;37,03;-3,51;-
518;19/10/2021;37,49;-3,05;-
975;04/02/2010;;-1,5;-
975;20/04/2010;;-1,39;-
975;19/07/2010;;-1,75;-
975;25/01/2011;;-1,19;-
975;18/04/2011;;-1,39;-
975;12/07/2011;;-1,96;-
975;15/11/2011;;-2,2;-
975;21/02/2012;;-2,31;-
975;02/05/2012;;-2,26;-
975;19/06/2012;;-2,2;-
975;13/07/2012;;-2,58;-
975;27/08/2012;;-3,06;-
975;15/10/2012;;-2,7;-
975;31/10/2012;;-2,18;-
975;10/12/2012;;-1,3;-
975;29/01/2013;;-0,98;-
975;18/02/2013;;-0,92;-
975;15/04/2013;;-0,99;-
975;19/06/2013;;-1,81;-
975;23/07/2013;;-1,69;-
975;26/08/2013;;-1,2;-
975;22/10/2013;;-1,5;-
975;05/02/2014;;-0,47;-
975;22/04/2014;;-1,53;-
975;22/07/2014;;-1,5;-
975;21/10/2014;;;N.R.
975;12/02/2015;;-1,07;-
975;20/04/2015;;-1,37;-
975;24/07/2015;;-2,08;-
975;05/11/2015;;-2,38;-
975;01/02/2016;;-2,47;-
975;18/04/2016;;-1,6;-
975;15/07/2016;;-1,65;-
975;08/11/2016;;-1,79;-
975;31/01/2017;;-2,01;-
975;02/05/2017;;-1,78;-
975;21/07/2017;;-2,54;-
975;31/10/2017;;-2,71;-
975;26/01/2018;;-1,8;-
975;09/04/2018;;-1,31;-
975;16/07/2018;;-1,98;-
975;05/11/2018;;-1,3;-
975;23/01/2019;;-1,74;-
975;09/04/2019;;-1,68;-
975;16/07/2019;;-1,59;-
975;28/10/2019;;-2,35;-
975;30/01/2020;;-1,4;-
975;09/04/2020;;-1,64;-
975;16/07/2020;;-2,14;-
975;02/11/2020;;-2,22;-
975;22/01/2021;;-1,37;-
975;12/04/2021;;-1,51;-
975;12/07/2021;;-1,81;-
975;25/10/2021;;-2,66;-
976;01/02/2010;;-1,7;-
976;20/04/2010;;-1,69;-
976;20/07/2010;;-1,87;-
976;25/01/2011;;-1,73;-
976;19/04/2011;;-1,84;-
976;12/07/2011;;-1,93;-
976;13/11/2011;;-1,85;-
976;21/02/2012;;-1,85;-
976;30/04/2012;;-1,8;-
976;19/06/2012;;-1,91;-
976;16/07/2012;;-2,03;-
976;27/08/2012;;-2,22;-
976;15/10/2012;;-1,93;-
976;02/11/2012;;-1,49;-
976;10/12/2012;;-1,7;-
976;29/01/2013;;-1,63;-
976;18/02/2013;;-1,58;-
976;15/04/2013;;-1,61;-
976;19/06/2013;;-1,81;-
976;23/07/2013;;-1,87;-
976;26/08/2013;;-1,85;-
976;22/10/2013;;-1,81;-
976;31/01/2014;;-1,02;-
976;17/04/2014;;-1,84;-
976;23/07/2014;;-1,85;-
976;11/11/2014;;-1,7;-
976;02/02/2015;;-1,8;-
976;09/03/2015;;-1,78;-
976;14/04/2015;;-1,78;-
976;24/07/2015;;-1,93;-
976;09/09/2015;;-1,92;-
976;28/10/2015;;-1,79;-
976;10/12/2015;;-2,1;-
976;01/02/2016;;-1,9;-
976;08/03/2016;;-1,5;-
976;05/05/2016;;-1,71;-
976;07/06/2016;;-1,8;-
976;15/07/2016;;-1,86;-
976;16/11/2016;;-1,74;-
976;27/01/2017;;-1,83;-
976;12/04/2017;;-1,79;-
976;21/07/2017;;-2,03;-
976;08/11/2017;;-1,81;-
976;26/01/2018;;-1,78;-
976;09/04/2018;;-1,63;-
976;16/07/2018;;-1,77;-
976;24/10/2018;;-1,83;-
976;23/01/2019;;-1,78;-
976;08/04/2019;;-1,7;-
976;16/07/2019;;-1,86;-
976;22/10/2019;;-1,87;-
976;30/01/2020;;-1,79;-
976;08/04/2020;;-1,79;-
976;16/07/2020;;-1,93;-
976;29/10/2020;;-1,83;-
976;22/01/2021;;-1,81;-
976;15/04/2021;;-1,6;-
976;12/07/2021;;-1,78;-
976;28/10/2021;;-1,93;-
977;01/02/2010;;-2,13;-
977;13/05/2010;;-1,8;-
977;20/07/2010;;-2,17;-
977;27/01/2011;;-2,11;-
977;19/04/2011;;-2,07;-
977;14/07/2011;;-2,45;-
977;21/11/2011;;-2,54;-
977;28/02/2012;;-2,6;-
977;04/05/2012;;-2,56;-
977;27/06/2012;;-2,77;-
977;10/07/2012;;-2,85;-
977;04/09/2012;;-2,97;-
977;23/10/2012;;-2,95;-
977;07/11/2012;;-2,65;-
977;17/12/2012;;-2,42;-
977;05/02/2013;;-1,92;-
977;25/02/2013;;-2;-
977;22/04/2013;;-1,75;-
977;24/06/2013;;-2,14;-
977;20/07/2013;;-2,26;-
977;03/09/2013;;-2,4;-
977;30/10/2013;;-2,27;-
977;31/01/2014;;-1,61;-
977;17/04/2014;;-2,02;-
977;24/07/2014;;-2,16;-
977;21/10/2014;;-2,16;-
977;02/02/2015;;-2,05;-
977;25/03/2015;;-2;-
977;14/04/2015;;-2;-
977;16/07/2015;;-2,26;-
977;14/09/2015;;-2,47;-
977;28/10/2015;;-2,45;-
977;14/12/2015;;-2,44;-
977;28/01/2016;;-2,48;-
977;22/03/2016;;-2;-
977;05/05/2016;;-2,1;-
977;23/06/2016;;-1,9;-
977;07/07/2016;;-2,1;-
977;16/11/2016;;-2,23;-
977;26/01/2017;;-2,19;-
977;12/04/2017;;-2,16;-
977;14/07/2017;;-2,6;-
977;08/11/2017;;-2,74;-
977;25/01/2018;;-2,55;-
977;09/04/2018;;-2,16;-
977;19/07/2018;;-2,64;-
977;24/10/2018;;-2,68;-
977;24/01/2019;;-2,5;-
977;08/04/2019;;;N.R.
977;18/07/2019;;-2,67;-
977;22/10/2019;;-2,7;-
977;23/01/2020;;-2,23;-
977;08/04/2020;;-2,28;-
977;09/07/2020;;-2,66;-
977;29/10/2020;;-2,73;-
977;28/01/2021;;-2,46;-
977;15/04/2021;;-2,4;-
977;08/07/2021;;-2,54;-
977;28/10/2021;;-2,73;-
978;01/02/2010;;-3,1;-
978;13/05/2010;;-2,45;-
978;21/07/2010;;-2,5;-
978;26/01/2011;;-2,4;-
978;26/04/2011;;-2,47;-
978;12/07/2011;;-2,77;-
978;24/11/2011;;-3,09;-
978;27/02/2012;;-3,22;-
978;30/04/2012;;-3,18;-
978;27/06/2012;;-3,07;-
978;16/07/2012;;-3,18;-
978;03/09/2012;;-3,33;-
978;23/10/2012;;-3,37;-
978;07/11/2012;;-3,19;-
978;17/12/2012;;-3,09;-
978;06/02/2013;;-2,91;-
978;22/04/2013;;-2,1;-
978;25/06/2013;;-2,3;-
978;24/07/2013;;-2,67;-
978;03/09/2013;;-2,89;-
978;28/10/2013;;-2,83;-
978;30/01/2014;;-2,65;-
978;14/04/2014;;-2,25;-
978;24/07/2014;;-2,64;-
978;21/10/2014;;-2,84;-
978;02/02/2015;;-2,78;-
978;24/03/2015;;;anomalo (-6,7 m)
978;29/04/2015;;-2,67;-
978;16/07/2015;;-2,83;-
978;14/09/2015;;-3,03;-
978;19/11/2015;;-3,05;-
978;14/12/2015;;-3,09;-
978;28/01/2016;;-3,15;-
978;22/03/2016;;-2,7;-
978;21/04/2016;;-2,86;-
978;23/06/2016;;-2,6;-
978;07/07/2016;;-2,7;-
978;27/10/2016;;-2,98;-
978;26/01/2017;;-2,96;-
978;13/04/2017;;-2,98;-
978;14/07/2017;;-3,2;-
978;26/10/2017;;-3,44;-
978;25/01/2018;;-3,29;-
978;19/04/2018;;-2,97;-
978;19/07/2018;;-3,1;-
978;08/11/2018;;-3,16;-
978;24/01/2019;;-3,28;-
978;18/04/2019;;-3,35;-
978;18/07/2019;;-3,21;-
978;07/11/2019;;-3,46;-
978;23/01/2020;;-2,99;-
978;09/04/2020;;-3,07;-
978;09/07/2020;;-3,29;-
978;05/11/2020;;-3,46;-
978;28/01/2021;;;N.R.
978;08/04/2021;;-3,25;-
978;08/07/2021;;-3,06;-
978;21/10/2021;;-3,12;-
979;01/02/2010;;-1,7;-
979;18/05/2010;;-1,55;-
979;22/07/2010;;-2,1;-
979;26/01/2011;;-1,52;-
979;26/04/2011;;-1,76;-
979;14/07/2011;;-2,24;-
979;22/11/2011;;-1,98;-
979;27/02/2012;;-2;-
979;03/05/2012;;-1,9;-
979;27/06/2012;;-2,17;-
979;12/07/2012;;-2,32;-
979;03/09/2012;;-2,33;-
979;22/10/2012;;-2,09;-
979;06/11/2012;;-1,71;-
979;17/12/2012;;-1,42;-
979;07/02/2013;;-1,28;-
979;25/02/2013;;-1,5;-
979;22/04/2013;;-1;-
979;24/06/2013;;-1,8;-
979;25/07/2013;;-1,89;-
979;02/09/2013;;-2;-
979;29/10/2013;;-1,75;-
979;30/01/2014;;-1,22;-
979;14/04/2014;;-1,57;-
979;24/07/2014;;-1,94;-
979;21/10/2014;;-1,74;-
979;02/02/2015;;-1,67;-
979;29/04/2015;;-1,7;-
979;16/07/2015;;-2,1;-
979;12/11/2015;;-1,99;-
979;28/01/2016;;-1,93;-
979;14/04/2016;;-1,74;-
979;07/07/2016;;-1,75;-
979;10/11/2016;;-1,9;-
979;26/01/2017;;-1,85;-
979;03/05/2017;;-1,85;-
979;21/07/2017;;-2,26;-
979;06/11/2017;;-2,28;-
979;25/01/2018;;-1,96;-
979;19/04/2018;;-1,71;-
979;19/07/2018;;-2;-
979;22/10/2018;;-2,14;-
979;24/01/2019;;-1,87;-
979;18/04/2019;;-1,9;-
979;18/07/2019;;-2,04;-
979;21/10/2019;;-1,66;-
979;23/01/2020;;-1,53;-
979;16/04/2020;;-1,77;-
979;09/07/2020;;-1,97;-
979;22/10/2020;;-1,86;-
979;28/01/2021;;-1,5;-
979;08/04/2021;;-1,79;-
979;08/07/2021;;-1,94;-
979;21/10/2021;;-2,06;-
980;02/02/2010;;-1,52;-
980;18/05/2010;;-1,32;-
980;21/07/2010;;-1,63;-
980;31/01/2011;;-1,43;-
980;26/04/2011;;-1,54;-
980;14/07/2011;;-1,9;-
980;22/11/2011;;-1,9;-
980;27/02/2012;;-1,92;-
980;03/05/2012;;-1,72;-
980;27/06/2012;;-1,78;-
980;12/07/2012;;-1,9;-
980;03/09/2012;;-2,12;-
980;22/10/2012;;-1,85;-
980;06/11/2012;;-1,5;-
980;17/12/2012;;-1,39;-
980;08/02/2013;;-1,25;-
980;25/02/2013;;-1,38;-
980;22/04/2013;;-1,3;-
980;24/06/2013;;-1,45;-
980;25/07/2013;;-1,55;-
980;02/09/2013;;-1,75;-
980;29/10/2013;;-1,54;-
980;30/01/2014;;-1,28;-
980;14/04/2014;;-1,39;-
980;24/07/2014;;-1,61;-
980;21/10/2014;;-1,58;-
980;02/02/2015;;-1,53;-
980;28/04/2015;;-1,56;-
980;16/07/2015;;-1,8;-
980;12/11/2015;;-1,9;-
980;28/01/2016;;-1,85;-
980;14/04/2016;;-1,52;-
980;07/07/2016;;-1,5;-
980;10/11/2016;;-1,7;-
980;26/01/2017;;-1,7;-
980;03/05/2017;;-1,58;-
980;14/07/2017;;-1,89;-
980;06/11/2017;;-2,04;-
980;25/01/2018;;-1,85;-
980;19/04/2018;;-1,56;-
980;19/07/2018;;-1,79;-
980;22/10/2018;;-1,75;-
980;24/01/2019;;-1,66;-
980;18/04/2019;;-1,7;-
980;18/07/2019;;-1,69;-
980;21/10/2019;;-1,62;-
980;23/01/2020;;-1,48;-
980;16/04/2020;;-1,6;-
980;09/07/2020;;-1,86;-
980;22/10/2020;;-1,83;-
980;28/01/2021;;-1,47;-
980;08/04/2021;;-1,65;-
980;08/07/2021;;-1,67;-
980;21/10/2021;;-1,9;-
981;01/02/2010;;-1,27;-
981;13/05/2010;;-0,86;-
981;20/07/2010;;-1,64;-
981;27/01/2011;;-1,27;-
981;19/04/2011;;-1,43;-
981;14/07/2011;;-1,85;-
981;21/11/2011;;-1,77;-
981;28/02/2012;;-1,93;-
981;04/05/2012;;-1,84;-
981;19/06/2012;;-1,99;-
981;10/07/2012;;-2,27;-
981;28/08/2012;;-2,52;-
981;16/10/2012;;-2,05;-
981;08/11/2012;;-1,39;-
981;11/12/2012;;-1,25;-
981;05/02/2013;;-0,74;-
981;19/02/2013;;-0,85;-
981;16/04/2013;;-1,04;-
981;18/06/2013;;-1,46;-
981;26/07/2013;;-1,8;-
981;27/08/2013;;-1,62;-
981;30/10/2013;;-1,38;-
981;31/01/2014;;-0,6;-
981;17/04/2014;;-1,43;-
981;22/07/2014;;-1,6;-
981;11/11/2014;;-1,4;-
981;02/02/2015;;-1,22;-
981;10/03/2015;;-1,28;-
981;14/04/2015;;-1,3;-
981;24/07/2015;;-1,78;-
981;17/09/2015;;-1,96;-
981;28/10/2015;;-1,36;-
981;15/12/2015;;-1,47;-
981;01/02/2016;;-1,38;-
981;09/03/2016;;-0,6;-
981;05/05/2016;;-1,25;-
981;08/06/2016;;-1,1;-
981;15/07/2016;;-1,48;-
981;16/11/2016;;-1,36;-
981;27/01/2017;;-1,4;-
981;12/04/2017;;-1,5;-
981;21/07/2017;;-1,97;-
981;24/10/2017;;;N.R.
981;26/01/2018;;-1,39;-
981;09/04/2018;;-1,13;-
981;16/07/2018;;-1,71;-
981;24/10/2018;;-1,59;-
981;30/01/2019;;-1,42;-
981;08/04/2019;;-1,22;-
981;16/07/2019;;-1,6;-
981;22/10/2019;;-1,65;-
981;30/01/2020;;-0,79;-
981;08/04/2020;;-1,4;-
981;16/07/2020;;-1,81;-
981;29/10/2020;;-1,73;-
981;22/01/2021;;-1,31;-
981;15/04/2021;;-1,1;-
981;12/07/2021;;-1,5;-
981;28/10/2021;;-1,9;-
1029;21/06/2012;;-2,01;-
1029;30/08/2012;;-1,62;-
1029;18/10/2012;;-2,27;-
1029;20/12/2012;;-1,8;-
1029;21/02/2013;;-1,83;-
1029;18/04/2013;;-2,1;-
1029;20/06/2013;;-1,94;-
1029;29/08/2013;;-1,67;-
1029;16/03/2015;;-1,87;-
1029;23/09/2015;;-2,45;-
1029;02/12/2015;;-2,3;-
1029;10/03/2016;;-1,61;-
1029;09/06/2016;;-1,5;-
1029;05/05/2021;;-1,28;-
1029;01/12/2021;;-2;-
1030;21/06/2012;;-1,36;-
1030;30/08/2012;;-1,9;-
1030;18/10/2012;;-1,55;-
1030;20/12/2012;;-0,9;-
1030;21/02/2013;;-0,95;-
1030;18/04/2013;;-1,1;-
1030;20/06/2013;;-1,12;-
1030;29/08/2013;;-1,1;-
1030;17/03/2015;;-1,17;-
1030;08/09/2015;;-1,66;-
1030;01/12/2015;;-1,51;-
1030;01/03/2016;;-0,6;-
1030;16/06/2016;;-0,6;-
1030;05/05/2021;;-1,19;-
1030;25/11/2021;;-1,48;-
1031;21/06/2012;;-6,36;-
1031;30/08/2012;;-7,07;-
1031;18/10/2012;;-6,98;-
1031;20/12/2012;;-6,34;-
1031;21/02/2013;;-6,1;-
1031;18/04/2013;;-4,65;-
1031;20/06/2013;;-4,42;-
1031;29/08/2013;;-5,74;-
1031;17/03/2015;;-5,7;-
1031;08/09/2015;;-6,5;-
1031;01/12/2015;;-6,65;-
1031;01/03/2016;;-6,55;-
1031;16/06/2016;;-5,48;-
1031;03/05/2021;;-6;-
1031;25/11/2021;;-6,5;-
1032;21/06/2012;;-2,03;-
1032;03/09/2012;;-2,38;-
1032;18/10/2012;;-1,93;-
1032;20/12/2012;;-1,5;-
1032;21/02/2013;;-1,6;-
1032;18/04/2013;;-1,6;-
1032;20/06/2013;;-1,82;-
1032;29/08/2013;;-1,9;-
1032;16/03/2015;;-2;-
1032;23/09/2015;;-2,43;-
1032;02/12/2015;;-2,3;-
1032;02/03/2016;;-1,16;-
1032;09/06/2016;;-1,5;-
1032;05/05/2021;;-1,88;-
1032;03/11/2021;;-2,29;-
1033;18/06/2012;;-2,3;-
1033;27/08/2012;;-2,45;-
1033;15/10/2012;;-2,42;-
1033;10/12/2012;;-2,12;-
1033;18/02/2013;;-1,99;-
1033;15/04/2013;;-1,93;-
1033;19/06/2013;;-2,02;-
1033;26/08/2013;;-2,17;-
1033;09/05/2019;;-1,95;-
1033;05/11/2019;;-2,18;-
1033;03/05/2021;;-2,11;-
1033;29/11/2021;;-2,24;-
1034;18/06/2012;;-2,4;-
1034;27/08/2012;;-2,63;-
1034;15/10/2012;;-2,56;-
1034;10/12/2012;;-2,13;-
1034;18/02/2013;;-1,87;-
1034;15/04/2013;;-1,76;-
1034;19/06/2013;;-2,02;-
1034;26/08/2013;;-2,27;-
1034;09/05/2019;;-1,85;-
1034;05/11/2019;;-2,26;-
1034;03/05/2021;;-2,11;-
1034;29/11/2021;;-2,24;-
1035;18/06/2012;;-2,9;-
1035;27/08/2012;;-4,12;-
1035;15/10/2012;;-3,7;-
1035;10/12/2012;;-2,69;-
1035;18/02/2013;;-1,4;-
1035;15/04/2013;;-1,19;-
1035;19/06/2013;;-1,57;-
1035;26/08/2013;;-1,96;-
1035;09/03/2015;;-0,87;-
1035;09/09/2015;;-2,38;-
1035;10/12/2015;;-2,5;-
1035;08/03/2016;;-1,15;-
1035;07/06/2016;;-1,3;-
1035;04/05/2021;;-2,1;-
1035;29/11/2021;;-2,13;-
1036;18/06/2012;;-0,95;-
1036;27/08/2012;;-1,74;-
1036;15/10/2012;;-1,11;-
1036;10/12/2012;;-0,55;-
1036;18/02/2013;;-0,47;-
1036;15/04/2013;;-0,55;-
1036;19/06/2013;;-0,87;-
1036;23/07/2013;;-1,38;-
1036;26/08/2013;;-1,05;-
1036;12/10/2013;;-0,97;-
1036;31/01/2014;;-0,05;-
1036;17/04/2014;;-1,01;-
1036;23/07/2014;;-0,9;-
1036;21/10/2014;;;N.R.
1036;23/02/2015;;-0,65;-
1036;20/04/2015;;-0,71;-
1036;24/07/2015;;-1,44;-
1036;05/11/2015;;-1,14;-
1036;01/02/2016;;-1;-
1036;18/04/2016;;-0,85;-
1036;15/07/2016;;-1,09;-
1036;08/11/2016;;-0,6;-
1036;27/01/2017;;-0,9;-
1036;02/05/2017;;-0,76;-
1036;21/07/2017;;-1,57;-
1036;31/10/2017;;-1,27;-
1036;26/01/2018;;-0,82;-
1036;09/04/2018;;-0,68;-
1036;16/07/2018;;-1,01;-
1036;05/11/2018;;-0,4;-
1036;23/01/2019;;-0,89;-
1036;09/04/2019;;-0,78;-
1036;16/07/2019;;-0,98;-
1036;28/10/2019;;-1,04;-
1036;30/01/2020;;-0,8;-
1036;09/04/2020;;-0,93;-
1036;16/07/2020;;-1,37;-
1036;02/11/2020;;-1,02;-
1036;22/01/2021;;-0,78;-
1036;12/04/2021;;-0,45;-
1036;12/07/2021;;-0,98;-
1036;25/10/2021;;-1,3;-
1037;21/06/2012;;-1,57;-
1037;30/08/2012;;-2,18;-
1037;18/10/2012;;-2,1;-
1037;20/12/2012;;-1,15;-
1037;21/02/2013;;-0,98;-
1037;18/04/2013;;-1,2;-
1037;20/06/2013;;-1,24;-
1037;29/08/2013;;-1,5;-
1037;18/03/2015;;-1,17;-
1037;10/09/2015;;-1,8;-
1037;03/12/2015;;-1,8;-
1037;07/03/2016;;-0,96;-
1037;06/06/2016;;-1,83;-
1037;05/05/2021;;-1,32;-
1037;02/11/2021;;-1,63;-
1038;18/06/2012;;-0,97;-
1038;28/08/2012;;-1,94;-
1038;16/10/2012;;-1,98;-
1038;11/12/2012;;-1,1;-
1038;19/02/2013;;-0,2;-
1038;16/04/2013;;-0,24;-
1038;18/06/2013;;-0,53;-
1038;27/08/2013;;-1,45;-
1038;10/03/2015;;-0,39;-
1038;17/09/2015;;-1,6;-
1038;15/12/2015;;-1,52;-
1038;09/03/2016;;;N.R.
1038;08/06/2016;;-0,2;-
1038;24/05/2021;;-0,45;-
1038;04/11/2021;;-1,4;-
1039;27/06/2012;;-2,5;-
1039;03/09/2012;;-3,1;-
1039;23/10/2012;;-2,98;-
1039;17/12/2012;;-1,7;-
1039;25/02/2013;;-1,08;-
1039;22/04/2013;;-1,08;-
1039;24/06/2013;;-1,5;-
1039;03/09/2013;;-1,94;-
1039;24/03/2015;;-3,7;-
1039;21/09/2015;;-1,99;-
1039;17/12/2015;;-2,44;-
1039;23/03/2016;;-1,2;-
1039;22/06/2016;;-1,1;-
1039;26/05/2021;;-1,72;-
1039;22/11/2021;;-2,74;-
1040;27/06/2012;;-2,95;-
1040;03/09/2012;;-3,3;-
1040;23/10/2012;;-3,3;-
1040;17/12/2012;;-2,25;-
1040;25/02/2013;;-1,15;-
1040;22/04/2013;;-1,15;-
1040;24/06/2013;;-1,6;-
1040;03/09/2013;;-2,07;-
1040;06/05/2019;;-1,78;-
1040;05/11/2019;;-2,01;-
1040;26/05/2021;;-1,74;-
1040;22/11/2021;;-2,74;-
1041;27/06/2012;;-1,1;-
1041;03/09/2012;;-1,42;-
1041;22/10/2012;;-1,09;-
1041;17/12/2012;;-0,35;-
1041;25/02/2013;;-0,18;-
1041;23/04/2013;;-0,1;-
1041;24/06/2013;;-0,4;-
1041;03/09/2013;;-0,75;-
1041;24/03/2015;;-0,1;-
1041;14/09/2015;;-0,72;-
1041;14/12/2015;;-1,27;-
1041;14/12/2015;;-1,27;-
1041;22/03/2016;;;N.R.
1041;23/06/2016;;-0,3;-
1042;19/06/2012;;-2,5;-
1042;28/08/2012;;-3,09;-
1042;16/10/2012;;-2,57;-
1042;12/12/2012;;-1,5;-
1042;19/02/2013;;-0,7;-
1042;23/04/2013;;-0,98;-
1042;18/06/2013;;-1,37;-
1042;27/08/2013;;-1,75;-
1043;27/06/2012;;-1,85;-
1043;03/09/2012;;-2,39;-
1043;22/10/2012;;-2,02;-
1043;17/12/2012;;-1,25;-
1043;25/02/2013;;-1;-
1043;22/04/2013;;-0,55;-
1043;24/06/2013;;-1,07;-
1043;03/09/2013;;-1,9;-
1043;25/03/2015;;-1,26;-
1043;21/09/2015;;-1,99;-
1043;17/12/2015;;-2,12;-
1043;23/03/2016;;-1,35;-
1043;22/06/2016;;-1,1;-
1043;27/05/2021;;-1,23;-
1043;24/11/2021;;-2,13;-
1044;18/06/2012;;-4,36;-
1044;28/08/2012;;-4,68;-
1044;16/10/2012;;-4,44;-
1044;11/12/2012;;-3,81;-
1044;19/02/2013;;-2,55;-
1044;16/04/2013;;-2,4;-
1044;18/06/2013;;-2,92;-
1044;27/08/2013;;-2,93;-
1044;12/03/2015;;-3,4;-
1044;18/06/2015;;-3,03;-
1044;16/09/2015;;-3,92;-
1044;16/12/2015;;-4;-
1044;21/03/2016;;-2,88;-
1044;20/06/2016;;-2,83;-
1044;25/05/2021;;-3,3;-
1044;23/11/2021;;-4,27;-
1045;18/06/2012;;-1,98;-
1045;28/08/2012;;-2,92;-
1045;16/10/2012;;-2,91;-
1045;11/12/2012;;-1,97;-
1045;19/02/2013;;-0,98;-
1045;16/04/2013;;-1,09;-
1045;18/06/2013;;-1,37;-
1045;27/08/2013;;-2,25;-
1045;12/03/2015;;-1,2;-
1045;18/06/2015;;-1,47;-
1045;16/09/2015;;-2,64;-
1045;16/12/2015;;-2,64;-
1045;21/03/2016;;-1,15;-
1045;20/06/2016;;-1,02;-
1045;24/05/2021;;-1,45;-
1045;04/11/2021;;-2,55;-
1046;27/06/2012;;-0,52;-
1046;04/09/2012;;-0,55;-
1046;22/10/2012;;-0,84;-
1046;18/12/2012;;-0,33;-
1046;25/02/2013;;-0,45;-
1046;22/04/2013;;-0,27;-
1046;24/06/2013;;-0,39;-
1046;02/09/2013;;-0,67;-
1046;06/05/2019;;-0,27;-
1046;05/11/2019;;-0,38;-
1046;27/05/2021;;-0,3;-
1046;24/11/2021;;-0,66;-
1068;27/06/2012;;-2,09;-
1068;03/09/2012;;-2,38;-
1068;22/10/2012;;-2,43;-
1068;17/12/2012;;-1,8;-
1068;25/02/2013;;-1,35;-
1068;22/04/2013;;-1;-
1068;24/06/2013;;-1,45;-
1068;02/09/2013;;-1,85;-
1068;19/09/2018;;-1,87;-
1068;16/10/2018;;-1,94;-
1068;23/11/2018;;-1,78;-
1068;11/12/2018;;-1,69;-
1068;16/01/2019;;-1,71;-
1068;13/03/2019;;-1,87;-
1068;08/04/2019;;-1,85;-
1068;10/07/2019;;-1,84;-
1068;11/09/2019;;-1,8;-
1068;15/10/2019;;-2,2;-
1068;20/11/2019;;-1,52;-
1068;18/12/2019;;-1,24;-
1068;19/02/2020;;-2,6;-
1068;25/03/2020;;-1,7;-
1068;19/05/2020;;-1,8;-
1068;15/06/2020;;-1,9;-
1068;13/07/2020;;-1,94;-
1068;11/08/2020;;-2;-
1068;16/09/2020;;;N.R.
1068;14/10/2020;;-2,2;-
1068;16/12/2020;;-1,85;-
1068;28/01/2021;;-1,64;-
1068;10/02/2021;;-1,58;-
1068;10/03/2021;;-1,73;-
1068;08/04/2021;;-1,77;-
1068;05/05/2021;;-1,72;-
1068;16/06/2021;;-1,69;-
1068;01/07/2021;;-1,73;-
1068;05/08/2021;;-1,9;-
1068;08/09/2021;;-2;-
1068;07/10/2021;;-2,1;-
1068;04/11/2021;;-2,1;-
1068;16/12/2021;;-2;-
